id,date,time,longitude,latitude,speed
2,2008-02-02,13:33:52,116.36422,39.88781,4.434078813162775
2,2008-02-02,13:37:16,116.37481,39.88782,1.7290103323453272
2,2008-02-02,13:38:53,116.37677,39.88791,1.4834716582548442
2,2008-02-02,13:42:18,116.38033,39.88795,12.227854242385002
2,2008-02-02,13:43:55,116.39392,39.89014,7.358676925475411
2,2008-02-02,13:47:20,116.41149,39.89152,8.431589126147754
2,2008-02-02,13:48:57,116.42105,39.89194,3.4375174933306076
2,2008-02-02,13:52:21,116.4215,39.89823,0.9066226569765563
2,2008-02-02,13:53:58,116.4215,39.89902,5.634380791618121
2,2008-02-02,13:57:23,116.42972,39.90726,5.1815635238381175
2,2008-02-02,13:59:00,116.4302,39.91176,6.084236732620461
2,2008-02-02,14:02:25,116.44396,39.908,0.14711409108936901
2,2008-02-02,14:04:02,116.4441,39.90807,0.0
2,2008-02-02,14:04:02,116.4441,39.90807,3.3964473253689587
2,2008-02-02,14:09:03,116.45478,39.90392,7.663198795977218
2,2008-02-02,14:12:28,116.4551,39.88981,7.439858856043689
2,2008-02-02,14:14:05,116.45485,39.88333,2.6946562085564114
2,2008-02-02,14:17:30,116.46018,39.88052,2.1956853053673333
2,2008-02-02,14:19:07,116.4578,39.88109,0.0
2,2008-02-02,14:19:07,116.4578,39.88109,0.009415035950976605
2,2008-02-02,16:02:25,116.45848,39.88104,0.05694937243384186
2,2008-02-02,16:03:10,116.45851,39.88104,2.7447131849317277
2,2008-02-02,16:07:27,116.4554,39.87517,8.23941403439121
2,2008-02-02,16:08:12,116.45531,39.8785,0.883239517038612
2,2008-02-02,16:12:28,116.4554,39.88053,0.0
2,2008-02-02,16:13:13,116.4554,39.88053,0.0
2,2008-02-02,16:17:30,116.4554,39.88053,0.0
2,2008-02-02,16:18:15,116.4554,39.88053,5.136960933101232
2,2008-02-02,16:22:32,116.45478,39.86868,4.447659090561538
2,2008-02-02,16:23:17,116.45445,39.8669,8.624834816153268
2,2008-02-02,16:28:18,116.46708,39.84569,16.37243877148065
2,2008-02-02,16:32:35,116.42174,39.83097,20.858737683084968
2,2008-02-02,16:33:20,116.41076,39.83099,6.326456949208166
2,2008-02-02,16:37:37,116.39512,39.82268,1.6838770433049928
2,2008-02-02,16:38:22,116.39516,39.822,6.763402523047189
2,2008-02-02,16:42:38,116.39601,39.80646,7.313060309849335
2,2008-02-02,16:43:23,116.39626,39.80351,5.367279675276935
2,2008-02-02,16:47:40,116.39229,39.7915,4.267946053879723
2,2008-02-02,16:48:25,116.39145,39.7899,3.943854870664348
2,2008-02-02,16:53:27,116.38921,39.80046,4.85341610881091
2,2008-02-02,16:57:43,116.39642,39.81015,5.965440395376812
2,2008-02-02,16:58:28,116.39631,39.81256,7.513418605383842
2,2008-02-02,17:02:45,116.39534,39.82989,17.356120855860745
2,2008-02-02,17:03:30,116.39496,39.8369,0.0
2,2008-02-02,17:03:30,116.39496,39.8369,8.50720898843775
2,2008-02-02,17:07:47,116.39413,39.85653,9.60814575983779
2,2008-02-02,17:08:32,116.39436,39.86041,5.303211713538721
2,2008-02-02,17:12:48,116.40309,39.8706,7.9597861206092055
2,2008-02-02,17:13:33,116.40728,39.87071,6.159625008204788
2,2008-02-02,17:17:50,116.41766,39.88249,3.0759396550812044
2,2008-02-02,17:22:52,116.42362,39.88947,0.0
2,2008-02-02,17:22:52,116.42362,39.88947,6.202593325853363
2,2008-02-02,17:23:37,116.42337,39.89197,8.807235766947924
2,2008-02-02,17:27:52,116.44966,39.89159,8.090017948078371
2,2008-02-02,17:28:37,116.4496,39.88832,2.1923828814209587
2,2008-02-02,17:32:54,116.44944,39.88326,9.171260882390223
2,2008-02-02,17:33:39,116.45427,39.88317,4.2174103506325
2,2008-02-02,17:37:56,116.45908,39.89218,3.5492674412291105
2,2008-02-02,17:38:41,116.46095,39.89218,2.391321056002676
2,2008-02-02,17:42:57,116.4665,39.89566,4.720978358806031
2,2008-02-02,17:43:42,116.46405,39.89599,2.0377435045863708
2,2008-02-02,17:47:59,116.46787,39.89231,1.0117607555027626
2,2008-02-02,17:48:44,116.46735,39.89222,4.6562613895394245
2,2008-02-02,17:53:01,116.48135,39.8918,5.00417249325378
2,2008-02-02,17:53:46,116.48337,39.8905,13.189555457323852
2,2008-02-02,17:58:02,116.48106,39.86022,19.263764160050755
2,2008-02-02,17:58:47,116.47973,39.8525,1.8660556303710536
2,2008-02-02,18:03:04,116.48377,39.84951,7646.4033611473105
2,2008-02-02,18:03:05,116.3943,39.84951,173.7818945715298
2,2008-02-02,18:03:49,116.48377,39.84951,5.885266263862488
2,2008-02-02,18:08:51,116.48237,39.86544,8.196647884316397
2,2008-02-02,18:13:07,116.45787,39.86674,5.611313540695385
2,2008-02-02,18:18:54,116.45267,39.88377,1.909510099569782
2,2008-02-02,18:23:11,116.45834,39.88306,3.4754725139398377
2,2008-02-02,18:23:55,116.46013,39.88304,10.657905048579616
2,2008-02-02,18:28:12,116.49143,39.8777,5.553651977258145
2,2008-02-02,18:28:57,116.49386,39.87645,5.726788448089645
2,2008-02-02,18:33:14,116.50426,39.86591,2.1551899884701484
2,2008-02-02,18:33:59,116.5042,39.86504,1.4737934164651418
2,2008-02-02,18:38:16,116.50403,39.86164,3.652109610679197
2,2008-02-02,18:39:00,116.50251,39.86249,6.2607555252047415
2,2008-02-02,18:43:17,116.49526,39.87583,8.467455648773353
2,2008-02-02,18:44:02,116.49155,39.87773,8.066843399923602
2,2008-02-02,18:48:19,116.4683,39.88307,4.062945245958856
2,2008-02-02,18:49:04,116.46616,39.8831,3.4535402885571864
2,2008-02-02,18:53:20,116.45629,39.88071,1.6896873959476977
2,2008-02-02,18:54:05,116.4554,39.8807,3.8465135538032396
2,2008-02-02,18:58:22,116.4553,39.88958,3.367747304526981
2,2008-02-02,18:59:07,116.45538,39.89094,3.74633275708265
2,2008-02-02,19:03:24,116.45645,39.89955,2.0902471021511726
2,2008-02-02,19:08:25,116.45626,39.9052,2.0596028837074134
2,2008-02-02,19:13:27,116.44961,39.90748,5.0333848762199205
2,2008-02-02,19:14:12,116.4472,39.90833,3.659997586391689
2,2008-02-02,19:18:29,116.44434,39.91649,10.616273322350215
2,2008-02-02,19:19:14,116.44419,39.92078,4.109389946465323
2,2008-02-02,19:23:30,116.44429,39.93023,0.05298726469320996
2,2008-02-02,19:24:15,116.4443,39.93021,1.7354831020665957
2,2008-02-02,19:28:32,116.44921,39.92884,0.0
2,2008-02-02,19:28:32,116.44921,39.92884,0.018969884669711785
2,2008-02-02,19:29:17,116.44922,39.92884,3.229420730977445
2,2008-02-02,19:33:34,116.44047,39.92559,3.392830193578231
2,2008-02-02,19:34:19,116.4399,39.92429,3.606276901517594
2,2008-02-02,19:39:20,116.43767,39.93389,3.247093052324387
2,2008-02-02,19:48:39,116.43886,39.95017,15.386551963676396
2,2008-02-02,19:49:24,116.44442,39.9547,2.365538854766814
2,2008-02-02,19:53:40,116.44346,39.96009,1.911474729468239
2,2008-02-02,19:54:25,116.44267,39.96057,0.3007117363169247
2,2008-02-02,19:58:42,116.44257,39.95988,5.9145131654754035
2,2008-02-02,19:59:27,116.44503,39.95841,4.982984584537594
2,2008-02-02,20:03:44,116.45527,39.95,4.7007683777921
2,2008-02-02,20:04:29,116.45531,39.9481,6.422782411202541
2,2008-02-02,20:08:45,116.45545,39.93333,10.843877561041223
2,2008-02-02,20:09:30,116.45522,39.92895,6.360813008109737
2,2008-02-02,20:13:47,116.47176,39.92155,5.578232434996252
2,2008-02-02,20:14:32,116.4747,39.92158,4.286122634711713
2,2008-02-02,20:18:49,116.48328,39.91419,5.9231809048010104
2,2008-02-02,20:19:34,116.4864,39.91411,4.019800672280611
2,2008-02-02,20:23:50,116.49844,39.91453,1.8031943156206447
2,2008-02-02,20:24:35,116.49939,39.91455,1.6922177808360666
2,2008-02-02,20:28:52,116.49592,39.91741,7.7678352229827965
2,2008-02-02,20:29:37,116.49595,39.92055,5.546757459335783
2,2008-02-02,20:33:54,116.51118,39.9258,9.703282516041048
2,2008-02-02,20:34:39,116.50968,39.92205,8.685095317531509
2,2008-02-02,20:38:55,116.48364,39.92174,8.064406648850406
2,2008-02-02,20:39:40,116.47939,39.92168,6.339394762562342
2,2008-02-02,20:43:57,116.47851,39.90706,6.896952320357484
2,2008-02-02,20:44:42,116.47488,39.9072,0.8342603201585417
2,2008-02-02,20:48:59,116.47237,39.90715,0.024737664608388978
2,2008-02-02,20:49:44,116.47237,39.90716,2.467606203206194
2,2008-02-02,20:54:00,116.46638,39.90383,15.70929174576684
2,2008-02-02,20:54:45,116.45812,39.90341,1.3381874327727639
2,2008-02-02,20:59:02,116.45442,39.90463,4.9964214424092415
2,2008-02-02,20:59:47,116.45191,39.90524,0.9204413782873105
2,2008-02-02,21:04:04,116.45105,39.90726,0.0
2,2008-02-02,21:04:48,116.45105,39.90726,0.17277634413883974
2,2008-02-02,21:09:05,116.45053,39.90726,0.0
2,2008-02-02,21:09:50,116.45053,39.90726,2.7391421506901605
2,2008-02-02,21:14:07,116.44439,39.91148,0.5937039509003175
2,2008-02-02,21:14:52,116.44439,39.91172,0.0
2,2008-02-02,21:14:52,116.44439,39.91172,3.5510672925636095
2,2008-02-02,21:19:09,116.45286,39.90672,2.6592800149519236
2,2008-02-02,21:19:53,116.45423,39.9067,6.08687863648125
2,2008-02-02,21:24:10,116.44972,39.89308,1.3363731221198245
2,2008-02-02,21:24:55,116.4497,39.89254,7.081055951251
2,2008-02-02,21:29:11,116.45494,39.87676,18.334541751112937
2,2008-02-02,21:29:56,116.45474,39.86935,1.0975872190076619
2,2008-02-02,21:34:13,116.45576,39.86694,0.0
2,2008-02-02,21:34:13,116.45576,39.86694,2.671763470405106
2,2008-02-02,21:35:58,116.45902,39.86664,5.38231332955312
2,2008-02-02,21:39:14,116.47056,39.87001,2.920048651935583
2,2008-02-02,21:40:59,116.47036,39.87276,0.07336850870892285
2,2008-02-02,21:43:38,116.47048,39.87281,0.11185816264867293
2,2008-02-02,22:40:39,116.46755,39.87021,7.138436694396517
2,2008-02-02,22:42:25,116.46168,39.8753,3.762285316370389
2,2008-02-02,22:45:41,116.45773,39.88119,0.09266314365349472
2,2008-02-02,22:47:27,116.45766,39.88112,0.0
2,2008-02-02,22:50:42,116.45766,39.88112,0.0648982244306402
2,2008-02-02,22:56:35,116.45753,39.88094,0.0
2,2008-02-02,22:56:35,116.45753,39.88094,0.0
2,2008-02-02,22:56:35,116.45753,39.88094,0.0
2,2008-02-02,22:56:35,116.45753,39.88094,0.0
2,2008-02-02,22:56:35,116.45753,39.88094,0.0
2,2008-02-02,22:56:35,116.45753,39.88094,0.0
2,2008-02-02,22:56:35,116.45753,39.88094,0.0
2,2008-02-02,22:56:35,116.45753,39.88094,0.0
2,2008-02-02,22:56:35,116.45753,39.88094,0.0
2,2008-02-02,22:56:35,116.45753,39.88094,0.0
2,2008-02-02,22:56:35,116.45753,39.88094,0.0
2,2008-02-02,22:56:35,116.45753,39.88094,0.0
2,2008-02-02,22:56:35,116.45753,39.88094,0.0
2,2008-02-02,22:56:35,116.45753,39.88094,0.0
2,2008-02-02,22:56:35,116.45753,39.88094,0.0
2,2008-02-02,22:56:35,116.45753,39.88094,0.0
2,2008-02-02,22:56:35,116.45753,39.88094,0.0
2,2008-02-02,22:56:35,116.45753,39.88094,0.0
2,2008-02-02,22:56:35,116.45753,39.88094,0.046532341198835855
2,2008-02-03,08:01:17,116.43982,39.87955,10.53357654408687
2,2008-02-03,08:06:19,116.41398,39.90013,9.072945375108931
2,2008-02-03,08:07:23,116.41917,39.9035,0.0
2,2008-02-03,08:07:23,116.41917,39.9035,5.741990645742875
2,2008-02-03,08:11:20,116.43249,39.89679,4.783620255658717
2,2008-02-03,08:12:25,116.42931,39.89543,3.7073359741544345
2,2008-02-03,08:16:22,116.41905,39.89601,9.68256125550009
2,2008-02-03,08:17:40,116.42634,39.89217,9.83938665078861
2,2008-02-03,08:21:24,116.44935,39.88321,3.974652852587951
2,2008-02-03,08:27:30,116.44474,39.87063,3.631626476049849
2,2008-02-03,08:31:27,116.45465,39.87202,10.434496543423114
2,2008-02-03,08:36:29,116.45552,39.90032,19.553615365525047
2,2008-02-03,08:41:30,116.45355,39.95317,20.35343141863599
2,2008-02-03,08:46:32,116.4949,39.99839,22.385916179587554
2,2008-02-03,08:47:37,116.50592,40.00837,13.244849814364583
2,2008-02-03,08:56:35,116.57561,40.04372,2.1442765712554044
2,2008-02-03,09:01:37,116.58067,40.04806,2.866291753817392
2,2008-02-03,09:16:42,116.582,40.07134,2.4321703040401754
2,2008-02-03,09:22:48,116.58447,40.07911,17.670336505064167
2,2008-02-03,09:31:47,116.51207,40.01393,24.15888545313029
2,2008-02-03,09:36:48,116.45677,39.96421,9.409127795242387
2,2008-02-03,09:46:52,116.45531,39.91317,6.453548218381321
2,2008-02-03,09:47:56,116.45525,39.90946,4.712565962692725
2,2008-02-03,09:53:04,116.45208,39.89665,3.1253323045708323
2,2008-02-03,09:56:55,116.4496,39.89045,9.273872407657668
2,2008-02-03,10:03:01,116.40989,39.89163,7.105368376742398
2,2008-02-03,10:06:57,116.39044,39.88958,5.757803085971137
2,2008-02-03,10:11:59,116.37018,39.88805,4.482624995176939
2,2008-02-03,10:13:04,116.36677,39.88798,3.189711233384048
2,2008-02-03,10:23:07,116.34712,39.89642,0.4596849994299519
2,2008-02-03,10:28:09,116.34872,39.89664,2.3589951220637277
2,2008-02-03,10:32:06,116.35042,39.89179,4.7591298316741595
2,2008-02-03,10:33:36,116.348,39.88842,5.417605433493222
2,2008-02-03,10:38:12,116.36549,39.88785,4.415358069262405
2,2008-02-03,10:42:09,116.37774,39.88798,4.290618891349409
2,2008-02-03,10:48:15,116.39472,39.89339,1.8360902062492737
2,2008-02-03,10:52:12,116.3941,39.89727,2.9555958297086917
2,2008-02-03,11:22:26,116.45525,39.88639,11.880824891715264
2,2008-02-03,11:25:41,116.4592,39.90698,11.03672934550411
2,2008-02-03,11:27:27,116.4729,39.90691,0.6259605044617602
2,2008-02-03,11:30:43,116.47194,39.90773,5.326852293146095
2,2008-02-03,11:32:29,116.46939,39.91241,2.7789867433262683
2,2008-02-03,11:35:44,116.4633,39.91104,6.8030852897137075
2,2008-02-03,11:37:31,116.45628,39.90733,3.732620918635899
2,2008-02-03,11:41:01,116.45507,39.90035,6.811673814468588
2,2008-02-03,11:42:32,116.45026,39.89618,5.782556131984555
2,2008-02-03,11:45:48,116.45493,39.88665,3.525360564620255
2,2008-02-03,11:50:49,116.44329,39.88332,1.5124256724085137
2,2008-02-03,11:52:36,116.44518,39.88322,7.196790561730219
2,2008-02-03,11:55:51,116.45487,39.87304,13.943608914766761
2,2008-02-03,11:57:37,116.44755,39.86101,13.187119387138317
2,2008-02-03,12:00:53,116.46603,39.84263,7.017838788822143
2,2008-02-03,12:02:39,116.45762,39.84091,1.8453485050425926
2,2008-02-03,12:05:54,116.46164,39.83995,10.399126202691773
2,2008-02-03,12:07:41,116.45883,39.84971,9.127453260852615
2,2008-02-03,12:15:58,116.45529,39.89037,8.928322747402833
2,2008-02-03,12:17:44,116.45551,39.89887,7.954803502149692
2,2008-02-03,12:20:59,116.4705,39.90674,9.652216721614865
2,2008-02-03,12:22:46,116.48245,39.90531,3.3617616052286183
2,2008-02-03,12:26:01,116.48978,39.90706,7.367680481731215
2,2008-02-03,12:27:47,116.48064,39.90731,3.4576503295812624
2,2008-02-03,12:36:04,116.47216,39.92131,6.460770764999878
2,2008-02-03,12:37:51,116.4722,39.92752,4.908277524645611
2,2008-02-03,12:41:06,116.46306,39.9325,5.218396419522372
2,2008-02-03,12:42:52,116.45658,39.93254,3.101084256801297
2,2008-02-03,12:46:08,116.44946,39.93247,5.7313566564886544
2,2008-02-03,12:51:09,116.42925,39.93241,1.1547309908309162
2,2008-02-03,12:52:56,116.42789,39.93279,4.94912076087826
2,2008-02-03,12:56:11,116.41963,39.93871,8.512344780985314
2,2008-02-03,12:57:57,116.43019,39.93909,0.34477937024200433
2,2008-02-03,13:01:12,116.4301,39.93849,6.345031566155014
2,2008-02-03,13:02:59,116.43786,39.93983,2.5905742483154595
2,2008-02-03,13:06:14,116.43272,39.94208,5.3008311559987815
2,2008-02-03,13:08:01,116.43663,39.9462,6.865662063078497
2,2008-02-03,13:11:15,116.44416,39.93572,10.177686849824994
2,2008-02-03,13:13:01,116.44395,39.92603,3.288279359679182
2,2008-02-03,13:16:16,116.444,39.92027,11.132875672630986
2,2008-02-03,13:18:03,116.44382,39.90957,5.121029191494393
2,2008-02-03,13:21:18,116.45476,39.9064,3.2657400528094795
2,2008-02-03,13:23:05,116.45507,39.90327,6.842325973519378
2,2008-02-03,13:26:20,116.44961,39.89204,0.0
2,2008-02-03,13:26:20,116.44961,39.89204,6.259578268277251
2,2008-02-03,13:28:06,116.45007,39.88609,3.5755821970109323
2,2008-02-03,13:31:21,116.45479,39.88098,10.528901317633823
2,2008-02-03,13:33:08,116.45468,39.87086,5.808228370252497
2,2008-02-03,13:36:23,116.4581,39.88069,0.0
2,2008-02-03,13:38:10,116.4581,39.88069,0.006074848123755669
2,2008-02-03,16:19:26,116.45774,39.88114,0.06209004815316104
2,2008-02-03,16:20:11,116.45777,39.88113,0.8313798502186102
2,2008-02-03,16:25:13,116.45535,39.87985,0.0
2,2008-02-03,16:25:13,116.45535,39.87985,2.7808091235924297
2,2008-02-03,16:29:29,116.45009,39.87489,1.4998013000221706
2,2008-02-03,16:30:14,116.4493,39.87489,3.91461445596625
2,2008-02-03,16:34:31,116.4422,39.86768,2.945219681072942
2,2008-02-03,16:39:33,116.43265,39.8645,0.0
2,2008-02-03,16:39:33,116.43265,39.8645,5.546392989402994
2,2008-02-03,16:40:18,116.42973,39.86456,2.561336292165323
2,2008-02-03,16:44:34,116.42206,39.86437,1.1023997555294316
2,2008-02-03,16:45:19,116.42148,39.86435,3.6214211623329766
2,2008-02-03,16:49:36,116.41733,39.85662,0.48754535813698185
2,2008-02-03,16:50:21,116.41709,39.85655,12.660944537968494
2,2008-02-03,16:54:38,116.37903,39.85568,18.003479074950636
2,2008-02-03,16:55:23,116.36955,39.85575,6.4648902517209414
2,2008-02-03,16:59:39,116.35677,39.84458,2.090571632327891
2,2008-02-03,17:00:24,116.35567,39.84455,7.40397402643918
2,2008-02-03,17:04:41,116.37281,39.85546,10.957791162099767
2,2008-02-03,17:05:26,116.37858,39.8555,8.086739529484401
2,2008-02-03,17:09:43,116.4029,39.85546,3.98003495010825
2,2008-02-03,17:10:28,116.40499,39.85558,1.2155449661099196
2,2008-02-03,17:14:44,116.40784,39.85732,8.049624593794995
2,2008-02-03,17:15:29,116.40805,39.86057,1.7525135002577887
2,2008-02-03,17:19:46,116.41288,39.86219,3.544816868453671
2,2008-02-03,17:20:31,116.41276,39.86362,2.1707393287415604
2,2008-02-03,17:24:48,116.41529,39.86824,17.400534758962312
2,2008-02-03,17:25:33,116.41498,39.87527,4.689924466038597
2,2008-02-03,17:29:49,116.42508,39.88277,1.8615294374230895
2,2008-02-03,17:30:34,116.42516,39.88352,6.080070455886139
2,2008-02-03,17:35:36,116.44348,39.89215,4.0393318253113
2,2008-02-03,17:39:53,116.45,39.88428,0.0
2,2008-02-03,17:40:38,116.45,39.88428,6.574463361439027
2,2008-02-03,17:44:54,116.43036,39.88307,8.172101903101755
2,2008-02-03,17:45:39,116.42606,39.88291,6.498044921972391
2,2008-02-03,17:49:56,116.40725,39.887,6.477412841082205
2,2008-02-03,17:50:41,116.40384,39.8869,3.7550589056012758
2,2008-02-03,17:54:58,116.39278,39.88513,4.919994078260228
2,2008-02-03,17:55:43,116.39234,39.88317,1.4208831703602864
2,2008-02-03,17:59:59,116.39263,39.87991,0.4243789446569272
2,2008-02-03,18:00:44,116.39266,39.87974,5.4220746339201344
2,2008-02-03,18:05:01,116.40605,39.88689,6.113293630522232
2,2008-02-03,18:05:46,116.40927,39.88694,4.333843307575056
2,2008-02-03,18:10:03,116.42045,39.89209,0.9493255300528549
2,2008-02-03,18:10:48,116.42095,39.8921,2.0064302204807194
2,2008-02-03,18:15:04,116.42408,39.89604,4.342319362033269
2,2008-02-03,18:15:49,116.42465,39.89434,1.2705785837797163
2,2008-02-03,18:20:06,116.42138,39.89586,6.485030433075783
2,2008-02-03,18:20:51,116.42106,39.89847,2.8688248148816147
2,2008-02-03,18:25:08,116.4126,39.89979,5.809146335398084
2,2008-02-03,18:25:53,116.40954,39.89973,2.9327771994956033
2,2008-02-03,18:30:09,116.40075,39.89985,1.4872899302040141
2,2008-02-03,18:30:54,116.4007,39.90045,1.1787342321662062
2,2008-02-03,18:35:11,116.40081,39.90317,2.599187254264374
2,2008-02-03,18:35:56,116.40076,39.90422,2.3091568516514958
2,2008-02-03,18:40:13,116.40062,39.90955,4.528720863997345
2,2008-02-03,18:40:57,116.40063,39.91134,4.263105758243257
2,2008-02-03,18:45:14,116.39643,39.92064,0.0
2,2008-02-03,18:45:14,116.39643,39.92064,6.45913061440136
2,2008-02-03,18:45:59,116.39359,39.92208,2.0199436395503327
2,2008-02-03,18:50:16,116.38751,39.92215,0.0189717383910633
2,2008-02-03,18:51:01,116.38752,39.92215,4.724755908279546
2,2008-02-03,18:55:17,116.38529,39.91142,0.0
2,2008-02-03,18:56:02,116.38529,39.91142,1.3972134191675547
2,2008-02-03,19:00:19,116.38554,39.9082,3.1453489092271676
2,2008-02-03,19:01:04,116.38562,39.90693,3.196650914094055
2,2008-02-03,19:05:20,116.38544,39.89958,9.687548240550548
2,2008-02-03,19:06:05,116.38042,39.89887,2.758433633443005
2,2008-02-03,19:10:21,116.37216,39.89858,0.0
2,2008-02-03,19:11:07,116.37216,39.89858,3.624692137168754
2,2008-02-03,19:15:23,116.3613,39.89832,8.491438445458813
2,2008-02-03,19:16:08,116.35683,39.89817,3.5304308022880506
2,2008-02-03,19:20:25,116.34639,39.89666,1.1230605860381258
2,2008-02-03,19:21:10,116.34581,39.89657,1.3315677161599444
2,2008-02-03,19:25:26,116.34182,39.89649,1.1600855805543866
2,2008-02-03,19:26:11,116.34121,39.89652,1.309497861614509
2,2008-02-03,19:30:28,116.33727,39.89647,0.8761759903696922
2,2008-02-03,19:31:13,116.33681,39.89644,1.0062893153251828
2,2008-02-03,19:35:30,116.33379,39.89627,6.095437077729711
2,2008-02-03,19:36:15,116.33059,39.89606,4.042330500948808
2,2008-02-03,19:40:31,116.31848,39.89575,4.8445690876979075
2,2008-02-03,19:45:33,116.30135,39.89587,6.6807965540009855
2,2008-02-03,19:46:18,116.29783,39.89589,3.887142580223559
2,2008-02-03,19:50:35,116.29161,39.88829,5.428824092073264
2,2008-02-03,19:51:20,116.29447,39.88831,3.2098069048622806
2,2008-02-03,19:55:36,116.30396,39.8871,7.532634852033293
2,2008-02-03,19:56:21,116.30336,39.88409,1.7963208906820765
2,2008-02-03,20:00:38,116.3007,39.88048,1.8709167880499298
2,2008-02-03,20:01:23,116.3001,39.88108,3.9268368789821175
2,2008-02-03,20:05:40,116.31057,39.88528,3.9832931239430702
2,2008-02-03,20:10:41,116.32394,39.88856,9.870264473592352
2,2008-02-03,20:11:26,116.32914,39.88858,7.083645222797807
2,2008-02-03,20:15:43,116.35045,39.88828,2.036167180444795
2,2008-02-03,20:16:28,116.35148,39.88805,2.773068949291311
2,2008-02-03,20:20:45,116.35982,39.88786,6.434638990107333
2,2008-02-03,20:21:30,116.36321,39.88786,3.385581770803966
2,2008-02-03,20:25:46,116.36853,39.89449,1.3217160659824507
2,2008-02-03,20:26:31,116.36869,39.89501,4.744594981418229
2,2008-02-03,20:30:48,116.3821,39.89877,2.271913844247836
2,2008-02-03,20:31:33,116.38329,39.89887,0.0
2,2008-02-03,20:31:33,116.38329,39.89887,4.967613047824173
2,2008-02-03,20:35:50,116.39823,39.89927,10.863589054301336
2,2008-02-03,20:36:35,116.40395,39.89944,2.6836792444776307
2,2008-02-03,20:40:51,116.41199,39.89965,1.0393378504149946
2,2008-02-03,20:41:36,116.41253,39.89958,6.585635497337348
2,2008-02-03,20:45:53,116.4323,39.89852,11.62536333055385
2,2008-02-03,20:46:38,116.43008,39.9029,11.579632150137893
2,2008-02-03,20:51:40,116.4279,39.93427,6.384003487646697
2,2008-02-03,20:55:56,116.43447,39.94806,19.48659397032302
2,2008-02-03,20:56:41,116.44342,39.95193,4.183376578212029
2,2008-02-03,21:00:58,116.44115,39.96143,1.6119615673806587
2,2008-02-03,21:01:43,116.4405,39.96185,6.548318311703996
2,2008-02-03,21:06:00,116.42271,39.96838,5.809062145258979
2,2008-02-03,21:11:01,116.44078,39.96097,8.058539145481754
2,2008-02-03,21:11:46,116.44404,39.95888,7.231013272383391
2,2008-02-03,21:16:03,116.45532,39.9446,8.732910502420415
2,2008-02-03,21:16:48,116.45527,39.94107,5.007212438340243
2,2008-02-03,21:21:05,116.45526,39.92951,7.8431800906538465
2,2008-02-03,21:21:49,116.45523,39.92641,5.66334136289907
2,2008-02-03,21:26:06,116.44417,39.91646,9.449959319191427
2,2008-02-03,21:26:51,116.44414,39.91264,4.690839083006796
2,2008-02-03,21:31:08,116.455,39.90572,9.723087472763467
2,2008-02-03,21:31:53,116.45492,39.90179,4.542344922638753
2,2008-02-03,21:36:10,116.45992,39.89203,10.831617657071321
2,2008-02-03,21:36:54,116.4655,39.89202,6.803598309698817
2,2008-02-03,21:41:11,116.48597,39.8918,10.534008760120502
2,2008-02-03,21:41:56,116.49152,39.89181,2.541634438177569
2,2008-02-03,21:46:13,116.49861,39.89401,6.238405003302254
2,2008-02-03,21:46:58,116.49651,39.89207,8.290926132454823
2,2008-02-03,21:51:14,116.47166,39.89197,0.0
2,2008-02-03,21:51:59,116.47166,39.89197,1.0147210512924438
2,2008-02-03,21:56:16,116.47108,39.88967,10.639244776171981
2,2008-02-03,21:57:01,116.47119,39.88537,4.426038365368844
2,2008-02-03,22:01:18,116.4594,39.88062,2.21829560109033
2,2008-02-03,22:02:03,116.45852,39.88121,0.555952117131513
2,2008-02-03,22:04:03,116.45774,39.88118,0.02730342127834946
2,2008-02-03,22:09:10,116.45765,39.88121,0.0
2,2008-02-03,22:09:10,116.45765,39.88121,0.0
2,2008-02-03,22:09:10,116.45765,39.88121,0.0
2,2008-02-03,22:09:10,116.45765,39.88121,0.0
2,2008-02-03,22:09:10,116.45765,39.88121,0.0
2,2008-02-03,22:09:10,116.45765,39.88121,0.0
2,2008-02-03,22:09:10,116.45765,39.88121,0.0
2,2008-02-03,22:09:10,116.45765,39.88121,0.0
2,2008-02-03,22:09:10,116.45765,39.88121,0.0
2,2008-02-03,22:09:10,116.45765,39.88121,0.0
2,2008-02-03,22:09:10,116.45765,39.88121,0.0
2,2008-02-03,22:09:10,116.45765,39.88121,0.0
2,2008-02-03,22:09:10,116.45765,39.88121,0.0
2,2008-02-03,22:09:10,116.45765,39.88121,0.0
2,2008-02-03,22:09:10,116.45765,39.88121,0.002505988499032596
2,2008-02-04,07:49:31,116.45865,39.88105,4.456957603834517
2,2008-02-04,07:52:46,116.45245,39.87486,8.564535644377946
2,2008-02-04,07:54:33,116.45003,39.88288,3.1385074374136677
2,2008-02-04,07:57:47,116.44463,39.87931,6.121243825538873
2,2008-02-04,07:59:34,116.44972,39.87491,5.120873095432517
2,2008-02-04,08:02:49,116.45437,39.88314,0.0
2,2008-02-04,08:02:49,116.45437,39.88314,0.3673796812141827
2,2008-02-04,08:04:36,116.45483,39.88315,11.547254717558243
2,2008-02-04,08:07:50,116.4558,39.90326,3.136075035312222
2,2008-02-04,08:09:38,116.45544,39.90629,9.920947075919727
2,2008-02-04,08:12:52,116.44202,39.8924,10.17778061044439
2,2008-02-04,08:14:39,116.43914,39.88287,14.282306681579394
2,2008-02-04,08:17:54,116.41131,39.86984,20.092289847590084
2,2008-02-04,08:19:41,116.38615,39.87014,16.711564354289003
2,2008-02-04,08:22:55,116.34828,39.8683,1.963616924845889
2,2008-02-04,08:24:43,116.34923,39.86654,5.547082388333494
2,2008-02-04,08:27:57,116.36182,39.86681,5.6762182073361656
2,2008-02-04,08:29:44,116.36829,39.86907,7.944053633248664
2,2008-02-04,08:32:59,116.37576,39.88175,8.176210471162289
2,2008-02-04,08:34:46,116.38512,39.88494,6.295064016682464
2,2008-02-04,08:39:48,116.40575,39.89135,3.971914076248993
2,2008-02-04,08:43:02,116.41282,39.89565,6.751426955367214
2,2008-02-04,08:44:49,116.42127,39.89536,7.556748908540305
2,2008-02-04,08:49:51,116.44298,39.88341,9.852450527054346
2,2008-02-04,08:53:05,116.43209,39.89841,10.481310694688569
2,2008-02-04,08:54:53,116.43007,39.90846,3.596274726636996
2,2008-02-04,09:03:09,116.4115,39.9158,9.082705963894487
2,2008-02-04,09:04:56,116.41159,39.90707,6.484505254192652
2,2008-02-04,09:08:10,116.41176,39.89577,5.221521373626889
2,2008-02-04,09:09:58,116.41836,39.89592,5.283834323297088
2,2008-02-04,09:13:12,116.42931,39.89215,10.32905308311168
2,2008-02-04,09:14:59,116.44225,39.89216,5.105627092299309
2,2008-02-04,09:18:14,116.44384,39.8833,1.118134504927287
2,2008-02-04,09:20:01,116.44468,39.88244,1.5406082252478066
2,2008-02-04,09:23:15,116.44681,39.88031,5.17345690913336
2,2008-02-04,09:25:03,116.44027,39.88038,0.0
2,2008-02-04,09:25:03,116.44027,39.88038,8.651936286616717
2,2008-02-04,09:28:17,116.43815,39.89537,11.912742348086635
2,2008-02-04,09:30:04,116.42417,39.89938,5.150526249393939
2,2008-02-04,09:33:19,116.41242,39.89976,4.669396966400492
2,2008-02-04,09:35:06,116.40657,39.89971,5.472102839196083
2,2008-02-04,09:38:20,116.39418,39.89894,0.5612497855211079
2,2008-02-04,09:40:08,116.39348,39.89885,7.607247494247174
2,2008-02-04,09:43:22,116.3762,39.89873,6.7099245530978076
2,2008-02-04,09:45:09,116.3678,39.89847,7.683739024397866
2,2008-02-04,09:48:24,116.35088,39.90203,3.511505187457905
2,2008-02-04,09:50:11,116.35425,39.9042,3.5459829983500315
2,2008-02-04,09:53:25,116.3571,39.89842,0.0
2,2008-02-04,09:55:13,116.3571,39.89842,0.5682271844010728
2,2008-02-04,09:58:27,116.35713,39.89743,5.170732865145417
2,2008-02-04,10:00:14,116.35717,39.89246,2.6726579133189894
2,2008-02-04,10:05:16,116.3573,39.88521,1.9342850930712017
2,2008-02-04,10:08:30,116.36153,39.88612,0.0
2,2008-02-04,10:08:30,116.36153,39.88612,4.44946767431009
2,2008-02-04,10:10:18,116.36669,39.88784,4.6462957378261995
2,2008-02-04,10:13:32,116.37724,39.88803,0.3035225649956707
2,2008-02-04,10:15:19,116.37762,39.88804,5.67231032743837
2,2008-02-04,10:18:34,116.37808,39.89797,2.010195316436487
2,2008-02-04,10:20:21,116.37796,39.8999,3.300842147280246
2,2008-02-04,10:23:35,116.38543,39.9004,3.7502537084433847
2,2008-02-04,10:25:23,116.38963,39.89871,6.860704589661236
2,2008-02-04,10:28:37,116.40518,39.89951,5.3265283264635
2,2008-02-04,10:30:24,116.41185,39.89968,3.7362322395471694
2,2008-02-04,10:33:39,116.42036,39.89922,4.142835754747905
2,2008-02-04,10:35:26,116.42555,39.89928,3.180977372310394
2,2008-02-04,10:38:40,116.42581,39.89374,2.5399144864132275
2,2008-02-04,10:40:27,116.42623,39.89616,3.7852961673566137
2,2008-02-04,10:43:42,116.43321,39.89225,13.187458730010237
2,2008-02-04,10:45:29,116.44953,39.89028,0.6344061374754453
2,2008-02-04,10:48:44,116.4496,39.89139,8.073919054673354
2,2008-02-04,10:53:45,116.42135,39.894,2.4283674624040286
2,2008-02-04,10:55:32,116.41976,39.89599,1.9020540071888323
2,2008-02-04,10:58:47,116.41542,39.89587,1.2424814185894602
2,2008-02-04,11:00:34,116.41695,39.89609,2.5631741391887055
2,2008-02-04,11:05:36,116.42448,39.89222,8.69960309761742
2,2008-02-04,11:08:50,116.44424,39.89215,5.198995429074924
2,2008-02-04,11:10:37,116.44959,39.8893,1.5866828383414877
2,2008-02-04,11:38:14,116.41903,39.89213,7.353656850138353
2,2008-02-04,11:42:21,116.3978,39.89118,8.8725367692379
2,2008-02-04,11:43:15,116.39237,39.8901,4.974032560792742
2,2008-02-04,11:47:22,116.37847,39.89294,4.0446588184722545
2,2008-02-04,11:48:18,116.37829,39.89497,3.7170788161443475
2,2008-02-04,11:52:24,116.36861,39.89848,5.048477112458328
2,2008-02-04,11:53:18,116.36542,39.89839,9.413403504909711
2,2008-02-04,11:57:26,116.33809,39.89797,0.5752931620690718
2,2008-02-04,11:58:20,116.33773,39.89801,4.572602989219265
2,2008-02-04,12:02:27,116.35031,39.90114,1.809430990227852
2,2008-02-04,12:03:22,116.3502,39.90025,5.135786155355179
2,2008-02-04,12:07:29,116.35725,39.89022,0.46118461946586103
2,2008-02-04,12:12:31,116.35732,39.88897,0.6421552341790223
2,2008-02-04,12:13:30,116.35734,39.88863,0.0
2,2008-02-04,12:13:30,116.35734,39.88863,0.0
2,2008-02-04,12:13:30,116.35734,39.88863,2.6082716162035005
2,2008-02-04,12:17:32,116.36467,39.88791,2.50435673435138
2,2008-02-04,12:18:27,116.36628,39.88784,0.3668101662020167
2,2008-02-04,12:22:34,116.36734,39.88781,1.212848273198706
2,2008-02-04,12:23:28,116.36661,39.88799,0.32040678536554457
2,2008-02-04,12:27:35,116.36745,39.88769,11.809829227153047
2,2008-02-04,12:28:30,116.37505,39.88789,7.058488081324734
2,2008-02-04,12:32:37,116.3952,39.89039,8.373912717841616
2,2008-02-04,12:33:32,116.40051,39.89111,0.0
2,2008-02-04,12:33:32,116.40051,39.89111,3.8156174142391177
2,2008-02-04,12:37:39,116.4058,39.89854,3.8246611661410195
2,2008-02-04,12:38:33,116.40549,39.90038,1.596586531244656
2,2008-02-04,12:42:40,116.40992,39.90138,0.2353498969967456
2,2008-02-04,12:43:35,116.40981,39.90146,1.21734379385623
2,2008-02-04,12:47:42,116.40991,39.90416,4.274034119198337
2,2008-02-04,12:48:37,116.4098,39.90627,4.343172628328534
2,2008-02-04,12:52:44,116.42234,39.90685,0.0
2,2008-02-04,12:52:44,116.42234,39.90685,6.6325259774946765
2,2008-02-04,12:53:38,116.42611,39.90544,4.204809959746186
2,2008-02-04,12:57:45,116.41531,39.90115,0.0
2,2008-02-04,12:58:40,116.41531,39.90115,0.8422004919957204
2,2008-02-04,13:02:47,116.41339,39.9,0.10345947129307788
2,2008-02-04,13:03:41,116.41333,39.89998,2.569234060990711
2,2008-02-04,13:07:49,116.40588,39.89967,6.825264161688569
2,2008-02-04,13:08:43,116.40157,39.8995,6.479154871458268
2,2008-02-04,13:12:50,116.38284,39.89905,6.017895020192925
2,2008-02-04,13:13:45,116.37897,39.89889,6.046393418859473
2,2008-02-04,13:17:52,116.36149,39.8985,4.517933277034664
2,2008-02-04,13:18:46,116.35864,39.89865,10.353045614897102
2,2008-02-04,13:22:54,116.32873,39.89632,9.96485508629829
2,2008-02-04,13:23:48,116.32244,39.89604,2.206058175203719
2,2008-02-04,13:27:55,116.31606,39.89607,1.419181309248988
2,2008-02-04,13:28:50,116.31551,39.89663,3.4351493997226363
2,2008-02-04,13:32:57,116.31528,39.90425,2.721189058255737
2,2008-02-04,13:33:51,116.31529,39.90557,4.473213331405721
2,2008-02-04,13:37:59,116.32828,39.90544,1.8688547488418232
2,2008-02-04,13:38:53,116.32946,39.90539,2.504710170751623
2,2008-02-04,13:43:00,116.33668,39.90585,2.934488926989639
2,2008-02-04,13:43:55,116.33857,39.90584,5.975470110014194
2,2008-02-04,13:48:02,116.35211,39.8976,7.287349468406806
2,2008-02-04,13:48:56,116.3567,39.89791,8.07875245413947
2,2008-02-04,13:53:04,116.38014,39.89865,10.367986426625711
2,2008-02-04,13:53:58,116.38669,39.89886,6.449992067542319
2,2008-02-04,13:58:05,116.40533,39.89943,0.0
2,2008-02-04,13:59:00,116.40533,39.89943,2.8473139486670265
2,2008-02-04,14:03:07,116.41232,39.89609,0.6643940234031008
2,2008-02-04,14:04:01,116.41237,39.89577,0.469514442896638
2,2008-02-04,14:08:09,116.41104,39.89554,3.3007263601815535
2,2008-02-04,14:09:03,116.41177,39.89404,6.8040839668326125
2,2008-02-04,14:13:10,116.39273,39.89023,5.188708491634357
2,2008-02-04,14:14:05,116.38956,39.88942,3.811322308209259
2,2008-02-04,14:18:12,116.37865,39.88822,10.882833706715424
2,2008-02-04,14:19:06,116.37177,39.88818,4.647659454068845
2,2008-02-04,14:23:14,116.37327,39.89847,14.979580467209386
2,2008-02-04,14:24:08,116.38273,39.89883,6.075985072132059
2,2008-02-04,14:28:15,116.40029,39.89935,0.02550994141047466
2,2008-02-04,14:29:10,116.4003,39.89934,2.6691607312149546
2,2008-02-04,14:33:17,116.40569,39.90358,0.5392566956150345
2,2008-02-04,14:34:11,116.40603,39.9036,3.7988428038387987
2,2008-02-04,14:38:18,116.41219,39.91058,4.778960519090543
2,2008-02-04,14:39:12,116.41521,39.91067,0.0
2,2008-02-04,14:39:12,116.41521,39.91067,2.65435490832492
2,2008-02-04,14:43:19,116.41933,39.91564,1.9554593565817306
2,2008-02-04,14:44:14,116.41809,39.91581,0.12053370644060402
2,2008-02-04,15:36:18,116.41369,39.91558,3.881654056965943
2,2008-02-04,15:38:43,116.4201,39.9144,5.457999334369896
2,2008-02-04,15:41:19,116.42898,39.91092,6.806303232465283
2,2008-02-04,15:43:45,116.43029,39.90205,15.460512674122933
2,2008-02-04,15:46:21,116.45849,39.90324,8.11269455935476
2,2008-02-04,15:48:47,116.47144,39.89943,11.112593122959058
2,2008-02-04,15:51:23,116.47105,39.88386,5.380023096490185
2,2008-02-04,15:53:48,116.46197,39.88311,2.759047425090632
2,2008-02-04,15:56:24,116.45765,39.88112,0.08687803095422324
2,2008-02-04,15:58:30,116.45774,39.88105,0.061182409640829334
2,2008-02-04,16:40:08,116.45601,39.8807,0.0
2,2008-02-04,16:40:23,116.45601,39.8807,1.8570012955432358
2,2008-02-04,16:45:10,116.45006,39.87926,2.4414958291815445
2,2008-02-04,16:50:12,116.45552,39.88439,4.952105126466772
2,2008-02-04,16:55:13,116.4556,39.89778,4.610509781360283
2,2008-02-04,16:55:28,116.45581,39.89838,4.719605994377951
2,2008-02-04,17:00:15,116.44949,39.88722,6.8473266154987185
2,2008-02-04,17:00:29,116.44967,39.88637,4.956477055108274
2,2008-02-04,17:05:17,116.44252,39.87478,7.487123482811279
2,2008-02-04,17:05:31,116.4413,39.87468,4.441503070962848
2,2008-02-04,17:10:18,116.45478,39.87959,14.473326707487153
2,2008-02-04,17:10:33,116.45474,39.87764,1.1277456584352616
2,2008-02-04,17:15:20,116.45526,39.88052,4.770835319759983
2,2008-02-04,17:15:34,116.45526,39.88112,0.6454409797179186
2,2008-02-04,17:38:01,116.45529,39.88893,0.0
2,2008-02-04,17:38:01,116.45529,39.88893,4.59164084263383
2,2008-02-04,17:41:16,116.46485,39.89223,2.5529606761833143
2,2008-02-04,17:43:02,116.46242,39.89379,3.8254914621437157
2,2008-02-04,17:46:18,116.45377,39.89264,3.6306011248502257
2,2008-02-04,17:48:04,116.45213,39.89586,4.085875763992168
2,2008-02-04,17:51:19,116.44324,39.89803,7.0008219690942735
2,2008-02-04,17:53:06,116.452,39.89769,6.4207340059741504
2,2008-02-04,17:56:21,116.45402,39.88655,4.769445398196434
2,2008-02-04,17:58:07,116.44994,39.88326,2.6862497156610474
2,2008-02-04,18:01:23,116.44466,39.88082,4.589331840396086
2,2008-02-04,18:03:09,116.44464,39.87645,2.313546982916919
2,2008-02-04,18:06:24,116.44953,39.87492,4.851039063797996
2,2008-02-04,18:08:11,116.44998,39.87957,2.0839541842099822
2,2008-02-04,18:11:26,116.44533,39.88034,3.876711916830201
2,2008-02-04,18:13:12,116.44052,39.88039,4.234720685442883
2,2008-02-04,18:16:28,116.43082,39.87996,3.5601819870602864
2,2008-02-04,18:18:14,116.43116,39.87658,6.387672625139687
2,2008-02-04,18:21:29,116.43266,39.86545,0.0
2,2008-02-04,18:21:29,116.43266,39.86545,1.8756313382333882
2,2008-02-04,18:23:16,116.43061,39.86457,1.1832023947721608
2,2008-02-04,18:26:31,116.42791,39.8646,1.5592770962360258
2,2008-02-04,18:28:17,116.42598,39.8645,0.9673044870279408
2,2008-02-04,18:31:33,116.42438,39.86332,2.534895088207166
2,2008-02-04,18:33:19,116.42504,39.86096,2.8933865586081176
2,2008-02-04,18:36:34,116.43164,39.86111,2.0542273867316267
2,2008-02-04,18:38:21,116.43234,39.85921,4.9032822441315655
2,2008-02-04,18:41:36,116.44324,39.85727,4.9466779862610855
2,2008-02-04,18:43:22,116.44707,39.85359,1.1975131870682438
2,2008-02-04,18:46:38,116.44864,39.85186,6.5181709132058065
2,2008-02-04,18:48:24,116.44439,39.85714,4.768732781403601
2,2008-02-04,18:51:39,116.43354,39.85778,5.205059439144933
2,2008-02-04,18:53:26,116.42703,39.85754,0.6079408695008452
2,2008-02-04,18:56:41,116.42585,39.8581,2.2885173799095306
2,2008-02-04,18:58:27,116.42559,39.86027,2.5322084169818995
2,2008-02-04,19:01:43,116.42692,39.86461,3.738419609349099
2,2008-02-04,19:06:44,116.43611,39.85737,7.294826161493857
2,2008-02-04,19:08:31,116.43923,39.85078,2.989112167369607
2,2008-02-04,19:13:32,116.4409,39.8428,8.118428579506672
2,2008-02-04,19:16:47,116.43933,39.85697,11.981008025369961
2,2008-02-04,19:18:34,116.45156,39.86364,5.293638297697716
2,2008-02-04,19:21:49,116.46165,39.86874,0.9179518840970935
2,2008-02-04,19:23:35,116.46176,39.86961,10.90045555450864
2,2008-02-04,19:26:50,116.45535,39.88806,13.34204617171223
2,2008-02-04,19:28:36,116.45579,39.90076,3.694032427527779
2,2008-02-04,19:31:51,116.45565,39.90723,3.1493884536803627
2,2008-02-04,19:33:38,116.45174,39.90764,2.5561247569283085
2,2008-02-04,19:36:53,116.45208,39.91211,3.309774846784914
2,2008-02-04,19:38:40,116.45173,39.91528,5.704360349679032
2,2008-02-04,19:43:41,116.44429,39.92961,0.0
2,2008-02-04,19:43:41,116.44429,39.92961,0.4112355628845937
2,2008-02-04,19:46:56,116.44432,39.93033,0.7076308740403011
2,2008-02-04,19:48:43,116.44434,39.93101,1.0768475600996392
2,2008-02-04,19:51:58,116.44611,39.93232,6.546618085465931
2,2008-02-04,19:53:45,116.4491,39.92646,3.1672575958806513
2,2008-02-04,20:02:01,116.43253,39.9326,3.3305213493200756
2,2008-02-04,20:03:48,116.42837,39.93287,8.021972670161576
2,2008-02-04,20:07:03,116.42734,39.9469,10.849524006689158
2,2008-02-04,20:12:05,116.38896,39.94768,4.895211610805998
2,2008-02-04,20:13:51,116.38288,39.94764,4.354717497800493
2,2008-02-04,20:17:06,116.37293,39.94758,2.408692932762699
2,2008-02-04,20:18:53,116.36991,39.94758,4.578762833919144
2,2008-02-04,20:22:08,116.35982,39.94546,3.240478099007189
2,2008-02-04,20:23:54,116.35608,39.94432,1.693796125835863
2,2008-02-04,20:27:10,116.35242,39.94331,0.0
2,2008-02-04,20:27:10,116.35242,39.94331,3.437718703535837
2,2008-02-04,20:28:56,116.34904,39.94131,8.660578136592962
2,2008-02-04,20:32:11,116.3301,39.93692,4.00934785487369
2,2008-02-04,20:33:58,116.32508,39.93711,14.17831179805309
2,2008-02-04,20:37:13,116.29417,39.94454,0.0
2,2008-02-04,20:37:13,116.29417,39.94454,9.175979162018129
2,2008-02-04,20:38:59,116.2829,39.94584,1.823695705266128
2,2008-02-04,20:42:15,116.27915,39.94441,0.7163455716364597
2,2008-02-04,20:44:01,116.27908,39.94509,6.740029524025018
2,2008-02-04,20:47:16,116.29444,39.94424,8.398573041095771
2,2008-02-04,20:49:03,116.30363,39.9403,7.421734421935671
2,2008-02-04,20:52:18,116.31561,39.9311,6.112299694205215
2,2008-02-04,20:54:04,116.3232,39.93107,8.762689011651885
2,2008-02-04,20:57:20,116.34332,39.93102,5.359744873943539
2,2008-02-04,20:59:06,116.34723,39.92689,3.340011118458937
2,2008-02-04,21:02:21,116.35209,39.92238,6.249045996696195
2,2008-02-04,21:04:08,116.35992,39.92252,4.898750961018071
2,2008-02-04,21:07:23,116.37108,39.9219,5.980581148978375
2,2008-02-04,21:09:09,116.37843,39.92109,6.5927407788406605
2,2008-02-04,21:12:25,116.39352,39.92199,8.858250591813661
2,2008-02-04,21:14:11,116.39672,39.91392,4.7934932347095405
2,2008-02-04,21:19:13,116.41163,39.90773,2.1305357716659366
2,2008-02-04,21:24:14,116.41209,39.90198,0.7897601850023084
2,2008-02-04,21:27:30,116.41214,39.90059,6.239586834509
2,2008-02-04,21:29:16,116.41262,39.89466,0.7168286757207658
2,2008-02-04,21:32:31,116.41188,39.89578,4.208542406288308
2,2008-02-04,21:34:18,116.40917,39.89231,8.807780337737658
2,2008-02-04,21:37:33,116.38944,39.88933,6.4288318184195
2,2008-02-04,21:39:19,116.38158,39.88828,7.958524074735691
2,2008-02-04,21:42:35,116.39945,39.89117,11.774526613165635
2,2008-02-04,21:44:21,116.41405,39.89164,6.896090298796456
2,2008-02-04,21:49:23,116.43824,39.88929,0.0
2,2008-02-04,21:49:23,116.43824,39.88929,6.271513107163456
2,2008-02-04,21:52:38,116.44996,39.88298,3.7807993750190554
2,2008-02-04,21:54:24,116.45,39.87938,0.35618294789286725
2,2008-02-04,22:07:49,116.45314,39.88029,8.567001004055616
2,2008-02-04,22:10:34,116.45458,39.86764,1.4247331140264197
2,2008-02-04,22:12:50,116.45433,39.86591,0.5736378114698544
2,2008-02-04,22:17:52,116.45552,39.86717,0.0
2,2008-02-04,22:20:38,116.45552,39.86717,0.0
2,2008-02-04,22:22:54,116.45552,39.86717,0.012360207515129533
2,2008-02-04,22:25:39,116.4555,39.86716,0.0
2,2008-02-04,22:27:55,116.4555,39.86716,0.0
2,2008-02-04,22:27:55,116.4555,39.86716,0.0
2,2008-02-04,22:32:57,116.4555,39.86716,0.0
2,2008-02-04,22:35:42,116.4555,39.86716,0.5386432234578452
2,2008-02-04,22:40:44,116.455,39.86857,10.247817353011447
2,2008-02-04,22:43:00,116.45872,39.88076,0.010185773832169552
2,2008-02-05,07:55:02,116.46158,39.87867,7.271016506155378
2,2008-02-05,07:56:23,116.45673,39.87491,4.777499291832941
2,2008-02-05,08:00:04,116.45005,39.88289,4.6985824995899765
2,2008-02-05,08:01:25,116.44563,39.88332,2.0546021927044213
2,2008-02-05,08:05:05,116.44472,39.87932,7.6878160419859825
2,2008-02-05,08:06:25,116.4497,39.88331,6.951232113858024
2,2008-02-05,08:10:06,116.45486,39.89653,8.82773590046852
2,2008-02-05,08:11:27,116.4554,39.90294,1.5151912350763794
2,2008-02-05,08:15:08,116.45918,39.90374,12.298500485197998
2,2008-02-05,08:16:29,116.47082,39.90315,4.32653977190635
2,2008-02-05,08:20:10,116.4802,39.89846,2.3159322607915707
2,2008-02-05,08:21:30,116.47909,39.89989,6.1436532302220295
2,2008-02-05,08:25:11,116.471,39.91039,3.926091248275864
2,2008-02-05,08:26:32,116.46894,39.91277,7.09793140667158
2,2008-02-05,08:30:13,116.45458,39.92156,20.09258043055826
2,2008-02-05,08:31:34,116.45452,39.93618,16.813899842129583
2,2008-02-05,08:35:14,116.46105,39.96903,23.590458375960317
2,2008-02-05,08:36:35,116.47554,39.98212,23.310331937021903
2,2008-02-05,08:40:16,116.51618,40.01636,13.909616874443735
2,2008-02-05,08:45:18,116.56076,40.03244,12.105736728377007
2,2008-02-05,08:46:38,116.56985,40.03766,0.0
2,2008-02-05,08:46:38,116.56985,40.03766,5.5840008179592475
2,2008-02-05,08:50:19,116.57789,40.04688,1.5765796949162902
2,2008-02-05,08:51:40,116.57937,40.04706,2.3319900449683635
2,2008-02-05,08:55:21,116.58197,40.05124,3.4433978551920346
2,2008-02-05,08:56:42,116.58291,40.05364,2.897924946349002
2,2008-02-05,09:00:23,116.58316,40.05939,2.1302901238336514
2,2008-02-05,09:01:43,116.58309,40.06092,3.2724816494577387
2,2008-02-05,09:05:24,116.58232,40.06739,3.642372160686235
2,2008-02-05,09:11:47,116.58407,40.07985,16.4267585849973
2,2008-02-05,09:15:28,116.579,40.04747,23.184597848731737
2,2008-02-05,09:20:29,116.51059,40.01303,24.453142711285153
2,2008-02-05,09:21:50,116.49555,39.99947,24.920683266842477
2,2008-02-05,09:25:31,116.45377,39.96175,9.798740074814395
2,2008-02-05,09:26:52,116.44939,39.95546,6.181093258577194
2,2008-02-05,09:30:33,116.45501,39.94397,6.072537475226884
2,2008-02-05,09:31:53,116.45243,39.94008,6.632821759076684
2,2008-02-05,09:35:34,116.44892,39.92719,5.096223560945494
2,2008-02-05,09:36:55,116.44426,39.9262,3.9946283538570246
2,2008-02-05,09:40:36,116.4394,39.9192,6.719381021577298
2,2008-02-05,09:41:57,116.44393,39.91576,4.2563615285730405
2,2008-02-05,09:45:38,116.44397,39.90731,11.450956466453842
2,2008-02-05,09:46:58,116.45448,39.90566,6.876151805292908
2,2008-02-05,09:50:39,116.44952,39.89255,2.25587315351622
2,2008-02-05,09:52:00,116.44943,39.89091,8.370368217005607
2,2008-02-05,09:55:41,116.43037,39.88302,5.206134877919379
2,2008-02-05,10:02:03,116.4124,39.89438,0.8366867016662008
2,2008-02-05,10:05:44,116.41147,39.89588,5.018914315696042
2,2008-02-05,10:07:05,116.41623,39.89587,2.422358190805045
2,2008-02-05,10:10:46,116.42124,39.89298,4.573845354432979
2,2008-02-05,10:12:07,116.42446,39.89521,3.4137218951683694
2,2008-02-05,10:15:48,116.43285,39.89309,0.025486164531305772
2,2008-02-05,10:17:08,116.43283,39.89308,0.176467191866445
2,2008-02-05,10:20:49,116.43281,39.89273,10.734313016243629
2,2008-02-05,10:22:10,116.44296,39.89213,4.998473371517357
2,2008-02-05,10:25:51,116.4486,39.8832,3.048491035228589
2,2008-02-05,10:30:53,116.44851,39.87493,3.2277547401753677
2,2008-02-05,10:35:54,116.45251,39.8831,1.6355333934039322
2,2008-02-05,10:37:15,116.45406,39.88306,6.908685851374261
2,2008-02-05,10:40:56,116.47108,39.88725,3.3946228312692344
2,2008-02-05,10:42:17,116.4711,39.88478,6.061298187414944
2,2008-02-05,10:45:58,116.4555,39.88601,7.694967208139905
2,2008-02-05,10:47:18,116.45551,39.89154,9.368685093199986
2,2008-02-05,10:50:59,116.4329,39.89825,7.705681857767411
2,2008-02-05,10:52:20,116.42998,39.90339,0.0
2,2008-02-05,10:52:20,116.42998,39.90339,8.260288269950491
2,2008-02-05,10:56:01,116.42871,39.91976,5.470120263227016
2,2008-02-05,10:57:22,116.43206,39.9228,3.132760532677221
2,2008-02-05,11:01:02,116.43983,39.92112,0.6356367056335889
2,2008-02-05,11:02:23,116.44031,39.92084,6.700812601108321
2,2008-02-05,11:06:04,116.44405,39.90785,0.0
2,2008-02-05,11:07:25,116.44405,39.90785,5.725997477018627
2,2008-02-05,11:11:06,116.45507,39.90025,6.170640396652782
2,2008-02-05,11:12:27,116.45217,39.89635,6.418151622062654
2,2008-02-05,11:16:07,116.4549,39.88384,4.255155817902131
2,2008-02-05,11:40:49,116.44455,39.93993,4.901636379744539
2,2008-02-05,11:45:51,116.42745,39.93771,10.030363063031475
2,2008-02-05,11:46:14,116.42758,39.93564,5.941743226641596
2,2008-02-05,11:56:18,116.42059,39.90385,3.1996607292200854
2,2008-02-05,12:00:55,116.42951,39.89978,4.218607921231328
2,2008-02-05,12:06:48,116.44414,39.90706,19.215693538172676
2,2008-02-05,12:10:59,116.50062,39.90666,10.946246713332036
2,2008-02-05,12:21:02,116.57752,39.91269,1.977607701634645
2,2008-02-05,12:26:25,116.58498,39.91226,1.4140188308915127
2,2008-02-05,12:36:06,116.58494,39.91964,2.256722158121645
2,2008-02-05,12:41:30,116.58451,39.9262,5.944504781420221
2,2008-02-05,12:45:55,116.56646,39.92326,3.1821844162047017
2,2008-02-05,12:50:11,116.55692,39.9231,12.179032448917084
2,2008-02-05,12:52:02,116.5411,39.92257,11.625862088304507
2,2008-02-05,12:55:13,116.51509,39.92262,3.2938092619713393
2,2008-02-05,12:56:39,116.5119,39.92192,6.903900875024065
2,2008-02-05,13:06:42,116.4639,39.91534,5.6707176377837705
2,2008-02-05,13:10:18,116.4609,39.9261,5.292507673048669
2,2008-02-05,13:11:44,116.45594,39.9276,2.6356976053211523
2,2008-02-05,13:15:20,116.45517,39.92252,5.3714195717020035
2,2008-02-05,13:21:47,116.47949,39.92161,7.10819058845024
2,2008-02-05,13:25:23,116.496,39.92708,4.147395060547955
2,2008-02-05,13:27:14,116.49293,39.93048,5.101202565840274
2,2008-02-05,13:30:25,116.49543,39.92194,10.124922888655254
2,2008-02-05,13:31:50,116.48535,39.92203,0.0
2,2008-02-05,13:31:50,116.48535,39.92203,3.9947021581813233
2,2008-02-05,13:35:26,116.48343,39.91442,5.815752380161682
2,2008-02-05,13:36:52,116.48927,39.91407,3.134845178765145
2,2008-02-05,13:40:28,116.49714,39.91482,10.513759245787348
2,2008-02-05,13:41:54,116.48656,39.91447,5.498526674213601
2,2008-02-05,13:45:30,116.47265,39.91452,6.1792877504894355
2,2008-02-05,13:46:55,116.46651,39.91481,3.2019636181277886
2,2008-02-05,13:51:57,116.45594,39.91793,4.823744046424751
2,2008-02-05,13:55:33,116.44473,39.92163,4.284250300718134
2,2008-02-05,13:56:59,116.44042,39.9218,4.402986822811527
2,2008-02-05,14:00:35,116.42942,39.92315,5.125128053916178
2,2008-02-05,14:02:00,116.42432,39.92302,4.940845777532059
2,2008-02-05,14:05:36,116.42076,39.91383,0.0
2,2008-02-05,14:05:36,116.42076,39.91383,7.236853455228698
2,2008-02-05,14:07:02,116.42804,39.91411,4.31036635873521
2,2008-02-05,14:10:38,116.42184,39.90723,4.985868850370516
2,2008-02-05,14:12:04,116.42075,39.91099,2.9442873303262163
2,2008-02-05,14:15:39,116.41803,39.91628,0.01631300394907442
2,2008-02-05,14:17:05,116.41802,39.91627,2.141550287608211
2,2008-02-05,14:22:07,116.42502,39.91405,6.26132660333506
2,2008-02-05,14:25:43,116.42977,39.90246,17.67543208331068
2,2008-02-05,14:27:09,116.44757,39.90252,9.480322493241742
2,2008-02-05,14:30:44,116.45504,39.88513,15.781519926333539
2,2008-02-05,14:32:10,116.45475,39.87294,4.272182865610291
2,2008-02-05,14:35:46,116.45781,39.88089,0.278426521425231
2,2008-02-05,14:37:12,116.45753,39.88088,0.10917271752288278
2,2008-02-05,16:22:20,116.4616,39.87554,0.7508207974506307
2,2008-02-05,16:22:35,116.46162,39.87544,1.9892987236847695
2,2008-02-05,16:27:22,116.46123,39.88056,2.7592430763274716
2,2008-02-05,16:27:36,116.46159,39.88035,2.0945796186412236
2,2008-02-05,16:32:24,116.46799,39.87806,2.65124103472517
2,2008-02-05,16:32:38,116.46783,39.87837,4.163073964260444
2,2008-02-05,16:37:25,116.45544,39.88335,10.33821621508709
2,2008-02-05,16:37:40,116.45556,39.88474,4.390194377619936
2,2008-02-05,16:47:29,116.45181,39.90779,0.0
2,2008-02-05,16:47:43,116.45181,39.90779,3.1052378341617586
2,2008-02-05,16:52:30,116.44283,39.91187,14.34555312644063
2,2008-02-05,16:52:45,116.44031,39.91189,1.586439934991778
2,2008-02-05,16:57:46,116.43625,39.90894,5.582103116038182
2,2008-02-05,17:02:34,116.45471,39.91178,0.0
2,2008-02-05,17:02:48,116.45471,39.91178,6.501747666720238
2,2008-02-05,17:07:35,116.46047,39.92795,0.5873430063621006
2,2008-02-05,17:07:50,116.46055,39.928,0.5989462992492088
2,2008-02-05,17:12:51,116.46249,39.92864,2.204583279130114
2,2008-02-05,17:17:39,116.4553,39.9301,14.42930004465694
2,2008-02-05,17:17:53,116.45513,39.92829,8.367262265449352
2,2008-02-05,17:22:40,116.45553,39.90672,17.521759238508576
2,2008-02-05,17:22:55,116.45544,39.90436,7.988033104210286
2,2008-02-05,17:27:42,116.43354,39.89245,0.0
2,2008-02-05,17:27:56,116.43354,39.89245,7.387172810722364
2,2008-02-05,17:32:43,116.40976,39.88699,14.12241273515029
2,2008-02-05,17:32:58,116.40728,39.887,3.836084116400137
2,2008-02-05,17:37:45,116.39454,39.8855,1.7091303854420707
2,2008-02-05,17:37:59,116.39428,39.88542,2.0566219365880696
2,2008-02-05,17:42:47,116.38875,39.88221,0.0
2,2008-02-05,17:43:01,116.38875,39.88221,3.568594081701569
2,2008-02-05,17:47:48,116.39928,39.88661,12.470599353301592
2,2008-02-05,17:48:03,116.40146,39.88677,0.0
2,2008-02-05,17:48:03,116.40146,39.88677,3.662569035473877
2,2008-02-05,17:52:50,116.41198,39.89167,0.26793644303753744
2,2008-02-05,17:53:04,116.412,39.8917,1.1769610464697369
2,2008-02-05,17:57:52,116.41079,39.8946,5.858650799238118
2,2008-02-05,17:58:06,116.41175,39.89458,8.838077079524336
2,2008-02-05,18:02:53,116.38318,39.88836,3.719868902363369
2,2008-02-05,18:03:08,116.38253,39.88831,4.025948460072615
2,2008-02-05,18:07:55,116.38371,39.89865,9.117347575000865
2,2008-02-05,18:08:09,116.3852,39.89874,5.610459249450075
2,2008-02-05,18:12:57,116.4041,39.89941,1.6470225516945167
2,2008-02-05,18:13:11,116.40437,39.89941,8.809401274803637
2,2008-02-05,18:17:58,116.43391,39.89791,16.351217392954428
2,2008-02-05,18:18:13,116.43665,39.89725,5.506140106244875
2,2008-02-05,18:23:00,116.45382,39.89196,0.0
2,2008-02-05,18:23:14,116.45382,39.89196,3.475785938098816
2,2008-02-05,18:28:02,116.46554,39.89191,0.0
2,2008-02-05,18:28:16,116.46554,39.89191,5.63365075735895
2,2008-02-05,18:33:03,116.48336,39.88701,1.5595128617483278
2,2008-02-05,18:33:18,116.48335,39.8868,4.693882622624467
2,2008-02-05,18:38:05,116.48112,39.87482,0.6153858492563543
2,2008-02-05,18:38:19,116.48102,39.87481,1.9489741348193768
2,2008-02-05,18:43:07,116.48759,39.87485,0.06102269239090502
2,2008-02-05,18:43:21,116.48758,39.87485,6.613453257910603
2,2008-02-05,18:48:08,116.50839,39.86888,13.165164208201782
2,2008-02-05,18:48:23,116.5107,39.86894,6.920440224262367
2,2008-02-05,18:53:10,116.52203,39.88452,11.775988286428852
2,2008-02-05,18:53:24,116.52396,39.88451,7.364507195283823
2,2008-02-05,18:58:12,116.5011,39.89195,17.75335213164158
2,2008-02-05,18:58:26,116.49819,39.89196,7.207843371236108
2,2008-02-05,19:03:13,116.47397,39.89202,14.134730129346718
2,2008-02-05,19:03:28,116.4715,39.89221,4.4490690853116215
2,2008-02-05,19:08:15,116.47163,39.90368,11.898989006979177
2,2008-02-05,19:13:17,116.42972,39.90659,5.729276112710455
2,2008-02-05,19:18:18,116.41179,39.91372,2.2724831400745873
2,2008-02-05,19:18:33,116.41171,39.91402,1.7415589929229087
2,2008-02-05,19:23:20,116.41173,39.90953,0.0
2,2008-02-05,19:23:34,116.41173,39.90953,2.186896135661547
2,2008-02-05,19:28:36,116.41197,39.9036,1.327178879727381
2,2008-02-05,19:33:23,116.41211,39.90018,0.0
2,2008-02-05,19:33:38,116.41211,39.90018,5.443185438067182
2,2008-02-05,19:38:25,116.41291,39.88616,0.0
2,2008-02-05,19:38:39,116.41291,39.88616,2.201639874495551
2,2008-02-05,19:43:27,116.41852,39.88243,7.805929440202894
2,2008-02-05,19:43:41,116.41978,39.8826,4.967806045082866
2,2008-02-05,19:48:28,116.43068,39.8923,13.670636616938216
2,2008-02-05,19:48:43,116.43308,39.89235,0.0
2,2008-02-05,19:48:43,116.43308,39.89235,5.5704508590714426
2,2008-02-05,19:53:30,116.44756,39.88325,8.66999429130927
2,2008-02-05,19:53:44,116.44614,39.88329,0.896767769627772
2,2008-02-05,19:58:32,116.44463,39.88128,0.0
2,2008-02-05,19:58:32,116.44463,39.88128,2.3131579770850865
2,2008-02-05,19:58:46,116.44466,39.88099,2.725627609181961
2,2008-02-05,20:03:33,116.44934,39.87495,1.7890835594238406
2,2008-02-05,20:08:48,116.4553,39.87712,1.8871916547227738
2,2008-02-05,20:13:35,116.46159,39.87651,2.5999511659281964
2,2008-02-05,20:13:50,116.46161,39.87616,4.552942982707403
2,2008-02-05,20:18:37,116.46677,39.86511,1.9381499046632567
2,2008-02-05,20:18:52,116.46711,39.8651,2.207225050889006
2,2008-02-05,20:23:39,116.47088,39.87,1.2436316880483604
2,2008-02-05,20:23:53,116.47108,39.87003,4.457882259605539
2,2008-02-05,20:28:40,116.47648,39.88075,2.9508925463381988
2,2008-02-05,20:28:55,116.47692,39.88096,2.542350545112553
2,2008-02-05,20:33:42,116.46886,39.88313,16.41331380700331
2,2008-02-05,20:33:56,116.46617,39.88314,3.1757276466490207
2,2008-02-05,20:38:44,116.4616,39.87571,3.1016432939351093
2,2008-02-05,20:38:58,116.46159,39.87532,3.7061586287794754
2,2008-02-05,20:43:45,116.45094,39.88027,1.0921825047783822
2,2008-02-05,20:44:00,116.45075,39.88029,4.1382331273029855
2,2008-02-05,20:48:47,116.43903,39.88603,14.692004708392691
2,2008-02-05,20:49:01,116.43881,39.88787,7.836536735801878
2,2008-02-05,20:53:49,116.41687,39.89917,3.5153946077811145
2,2008-02-05,20:58:50,116.42777,39.90369,8.31219198261097
2,2008-02-05,20:59:05,116.42923,39.9037,9.858714462978138
2,2008-02-05,21:03:52,116.44869,39.88313,2.6858513528335366
2,2008-02-05,21:04:06,116.44913,39.88314,6.541375756919647
2,2008-02-05,21:08:54,116.47112,39.88185,15.267770407326024
2,2008-02-05,21:09:08,116.47115,39.87993,5.461502488988064
2,2008-02-05,21:13:55,116.46168,39.86787,8.76009668577233
2,2008-02-05,21:14:10,116.46164,39.86905,11.012357300252335
2,2008-02-05,21:18:57,116.49863,39.86934,14.589066722238476
2,2008-02-05,21:19:11,116.50102,39.8693,1.5225005742216948
2,2008-02-05,21:23:59,116.49592,39.86974,9.736571311169277
2,2008-02-05,21:29:00,116.46164,39.8688,0.0
2,2008-02-05,21:29:15,116.46164,39.8688,1.994898856887788
2,2008-02-05,21:34:02,116.4555,39.86674,2.2758225717020286
2,2008-02-05,21:34:16,116.4552,39.86691,0.1306282600421556
2,2008-02-05,21:39:04,116.45551,39.86715,0.2425103941007431
2,2008-02-05,21:39:18,116.45548,39.86717,0.021197242784181725
2,2008-02-05,21:44:05,116.45555,39.86716,0.0
2,2008-02-05,21:44:20,116.45555,39.86716,0.011908201734971638
2,2008-02-05,21:49:07,116.45559,39.86716,0.0
2,2008-02-05,21:49:21,116.45559,39.86716,5.26835379472957
2,2008-02-05,21:54:09,116.45711,39.88074,7.018809773380199
2,2008-02-05,21:54:23,116.45826,39.88072,0.0
2,2008-02-05,21:54:23,116.45826,39.88072,0.18654937726672113
2,2008-02-05,21:59:10,116.45776,39.88101,0.002711867415079114
2,2008-02-06,08:08:47,116.45892,39.88097,4.4005034387708
2,2008-02-06,08:09:16,116.46032,39.88057,2.982946821223118
2,2008-02-06,08:13:49,116.45079,39.88039,7.277983887595875
2,2008-02-06,08:14:17,116.45001,39.88212,1.5458224037168866
2,2008-02-06,08:18:51,116.44535,39.88342,13.88297113581639
2,2008-02-06,08:19:19,116.4408,39.88348,15.50926483421527
2,2008-02-06,08:23:52,116.42847,39.92032,20.12289561333336
2,2008-02-06,08:24:21,116.42827,39.92556,9.612368402262584
2,2008-02-06,08:28:54,116.39877,39.93219,15.457134650914739
2,2008-02-06,08:29:22,116.3937,39.93215,8.86421645326753
2,2008-02-06,08:33:56,116.3653,39.93349,3.5060281751124847
2,2008-02-06,08:34:24,116.36645,39.9335,8.870603588491894
2,2008-02-06,08:38:57,116.37549,39.91288,14.312622679970046
2,2008-02-06,08:39:26,116.37582,39.90916,8.536983978870428
2,2008-02-06,08:43:59,116.35042,39.9015,15.229352768214687
2,2008-02-06,08:44:27,116.34979,39.8977,4.230962800950138
2,2008-02-06,08:54:02,116.32144,39.89557,3.7401918120085593
2,2008-02-06,08:54:31,116.32271,39.89557,8.64240486712086
2,2008-02-06,09:18:43,116.46957,39.89216,6.534084947039579
2,2008-02-06,09:21:52,116.45561,39.89505,3.1118896528895896
2,2008-02-06,09:23:44,116.45211,39.89666,6.871205784092394
2,2008-02-06,09:26:54,116.43685,39.89735,11.871624847964146
2,2008-02-06,09:28:46,116.42149,39.8993,4.9468931488851045
2,2008-02-06,09:31:56,116.41053,39.90007,3.9802255604965553
2,2008-02-06,09:33:48,116.40541,39.90085,8.297732521621475
2,2008-02-06,09:36:57,116.41264,39.8879,8.194021729089682
2,2008-02-06,09:38:49,116.41457,39.87979,13.617356934151152
2,2008-02-06,09:41:59,116.41589,39.85657,15.606321092351648
2,2008-02-06,09:43:51,116.43631,39.85748,18.9501864527681
2,2008-02-06,09:47:01,116.47235,39.84073,23.97513362106832
2,2008-02-06,09:48:53,116.49295,39.82252,17.381625663854763
2,2008-02-06,09:52:02,116.51753,39.79984,12.563347439513498
2,2008-02-06,09:53:54,116.52568,39.78886,3.7117820090405074
2,2008-02-06,10:02:06,116.5082,39.79828,6.1172469701354775
2,2008-02-06,10:07:07,116.49077,39.80799,19.382939652478743
2,2008-02-06,10:08:59,116.4755,39.82357,12.532402908288269
2,2008-02-06,10:12:09,116.47759,39.8449,3.322546714039811
2,2008-02-06,10:14:01,116.47741,39.84824,0.0
2,2008-02-06,10:14:01,116.47741,39.84824,12.249284267765631
2,2008-02-06,10:17:11,116.46443,39.86662,7.927026711601819
2,2008-02-06,10:19:03,116.45497,39.86992,3.532072163452589
2,2008-02-06,10:22:12,116.44985,39.87445,5.557548220058473
2,2008-02-06,10:24:04,116.45002,39.88004,2.569529103847223
2,2008-02-06,10:27:14,116.44457,39.87872,3.2302891028445164
2,2008-02-06,10:29:06,116.44459,39.87547,4.825341943539717
2,2008-02-06,10:32:15,116.45005,39.88251,7.268502489908942
2,2008-02-06,10:34:08,116.44047,39.88314,6.151320517503313
2,2008-02-06,10:37:17,116.45408,39.88309,13.263430040936822
2,2008-02-06,10:39:09,116.45533,39.8964,13.579397355490096
2,2008-02-06,10:42:19,116.48233,39.9068,12.244149643031959
2,2008-02-06,10:44:11,116.4839,39.91906,12.394337073982015
2,2008-02-06,10:47:20,116.50039,39.93588,1.29440238459991
2,2008-02-06,10:49:13,116.50198,39.93539,2.260994719970163
2,2008-02-06,10:52:22,116.49706,39.93468,0.13002617026361
2,2008-02-06,10:54:14,116.49717,39.93478,0.029532163572051694
2,2008-02-06,10:57:24,116.49721,39.93482,0.0
2,2008-02-06,10:57:24,116.49721,39.93482,0.0
2,2008-02-06,10:59:16,116.49721,39.93482,0.0
2,2008-02-06,11:02:25,116.49721,39.93482,0.0
2,2008-02-06,11:04:18,116.49721,39.93482,0.019844554209325994
2,2008-02-06,11:07:27,116.49723,39.93479,0.0
2,2008-02-06,11:09:19,116.49723,39.93479,2.0002807400930336
2,2008-02-06,11:12:29,116.49284,39.93422,9.16061621309063
2,2008-02-06,11:19:23,116.44847,39.93245,9.665746218607177
2,2008-02-06,11:22:32,116.42775,39.93656,12.501504132273382
2,2008-02-06,11:24:24,116.42207,39.94836,19.288331813047296
2,2008-02-06,11:27:34,116.37914,39.94755,18.348215629389752
2,2008-02-06,11:29:26,116.35549,39.94408,13.769877107528231
2,2008-02-06,11:32:35,116.34948,39.92116,6.198460094008586
2,2008-02-06,11:34:28,116.35751,39.92245,2.957926635132629
2,2008-02-06,11:37:37,116.35845,39.91748,3.476475885875271
2,2008-02-06,11:39:29,116.36291,39.91675,6.363366489612434
2,2008-02-06,11:42:39,116.37558,39.9119,1.5681342970574157
2,2008-02-06,11:44:31,116.37426,39.91311,6.29325827948311
2,2008-02-06,11:47:40,116.37777,39.90277,6.593312393212058
2,2008-02-06,11:49:33,116.38486,39.89887,6.211695136946635
2,2008-02-06,11:52:42,116.39183,39.88978,7.746100760348491
2,2008-02-06,11:54:34,116.4018,39.89127,7.12339842088499
2,2008-02-06,11:57:44,116.41422,39.88372,8.879653472360106
2,2008-02-06,11:59:36,116.41487,39.8748,10.682105887780205
2,2008-02-06,12:02:45,116.41587,39.85668,12.081003353575014
2,2008-02-06,12:04:38,116.43182,39.85737,3.2339692685002235
2,2008-02-06,12:07:47,116.43543,39.85263,1.1203904408078516
2,2008-02-06,12:09:39,116.43397,39.85275,10.031946951699778
2,2008-02-06,12:12:49,116.4513,39.86353,5.895829578805866
2,2008-02-06,12:17:50,116.45512,39.8792,3.6484299835286977
2,2008-02-06,12:19:43,116.45533,39.8829,0.0
2,2008-02-06,12:19:43,116.45533,39.8829,9.062145026477436
2,2008-02-06,12:22:52,116.43821,39.89091,14.117230204696147
2,2008-02-06,12:24:44,116.42992,39.90361,16.32158793587874
2,2008-02-06,12:27:59,116.42793,39.93216,14.640967966105158
2,2008-02-06,12:29:46,116.42756,39.94623,15.143837526232948
2,2008-02-06,12:32:55,116.39408,39.94774,5.551942193133534
2,2008-02-06,12:45:03,116.34938,39.93575,8.109251967678212
2,2008-02-06,12:48:10,116.34691,39.92226,10.92379073630606
2,2008-02-06,12:50:04,116.33233,39.92192,3.6754467747433526
2,2008-02-06,12:53:12,116.33743,39.92674,8.525810069366248
2,2008-02-06,12:55:06,116.33866,39.91806,4.439058195136382
2,2008-02-06,13:00:08,116.35138,39.911,2.0984312207847515
2,2008-02-06,13:03:15,116.35303,39.90771,5.347622746277039
2,2008-02-06,13:05:09,116.35627,39.91259,6.4783065304133185
2,2008-02-06,13:08:17,116.36781,39.90616,6.602138525329798
2,2008-02-06,13:10:11,116.36797,39.8994,6.013208045294034
2,2008-02-06,13:13:18,116.36818,39.8893,2.6260767491101427
2,2008-02-06,13:15:13,116.37116,39.88784,5.818253517414142
2,2008-02-06,13:18:19,116.37906,39.88024,1.9921749275533163
2,2008-02-06,13:20:13,116.38051,39.88195,4.005422491954794
2,2008-02-06,13:23:21,116.38868,39.87941,4.205087742952468
2,2008-02-06,13:25:15,116.39132,39.87561,4.905501686732101
2,2008-02-06,13:30:17,116.38761,39.86261,4.382796384483689
2,2008-02-06,13:33:24,116.38594,39.86986,8.001045900726195
2,2008-02-06,13:35:18,116.39418,39.87507,6.180040770851699
2,2008-02-06,13:38:26,116.39468,39.8855,8.83614310759824
2,2008-02-06,13:40:20,116.40385,39.89119,5.22634753466758
2,2008-02-06,13:43:27,116.41305,39.88597,2.875069322478229
2,2008-02-06,13:45:22,116.41448,39.88321,5.597365725010348
2,2008-02-06,13:48:29,116.42672,39.88277,0.37047816544575324
2,2008-02-06,15:51:38,116.45868,39.88097,3.002068293693943
2,2008-02-06,15:55:25,116.45961,39.87489,8.584074185694737
2,2008-02-06,15:56:39,116.45521,39.87949,2.436089944594906
2,2008-02-06,16:00:26,116.46168,39.87965,0.0
2,2008-02-06,16:01:41,116.46168,39.87965,3.8190604340391516
2,2008-02-06,16:05:28,116.45671,39.88644,5.202638680782661
2,2008-02-06,16:06:42,116.45559,39.88979,6.422541767084005
2,2008-02-06,16:10:29,116.44084,39.8832,9.594131074047427
2,2008-02-06,16:11:44,116.43242,39.88301,6.789106025951738
2,2008-02-06,16:15:31,116.41444,39.88187,2.7310619249869674
2,2008-02-06,16:16:46,116.41445,39.88003,9.346114497371893
2,2008-02-06,16:20:33,116.41554,39.86099,9.038094369768269
2,2008-02-06,16:21:47,116.41132,39.85593,4.544404212339746
2,2008-02-06,16:25:34,116.40834,39.84695,2.1293818345271713
2,2008-02-06,16:26:49,116.40957,39.84587,1.633586976941495
2,2008-02-06,16:31:51,116.40834,39.8502,2.4300774524325077
2,2008-02-06,16:35:38,116.40804,39.85515,2.9012974094895636
2,2008-02-06,16:36:52,116.40567,39.85579,18.035524321117627
2,2008-02-06,16:40:39,116.35786,39.85344,0.0
2,2008-02-06,16:40:39,116.35786,39.85344,18.712096641347266
2,2008-02-06,16:41:54,116.3423,39.84941,15.28688999522375
2,2008-02-06,16:45:41,116.34283,39.88058,15.080807164529803
2,2008-02-06,16:46:56,116.3427,39.89074,5.209457088194583
2,2008-02-06,16:50:43,116.33625,39.90014,4.253602111118747
2,2008-02-06,16:51:57,116.33928,39.90175,1.353270726991346
2,2008-02-06,16:55:44,116.33574,39.90126,6.623592457514848
2,2008-02-06,16:56:59,116.32995,39.90169,2.80600508503287
2,2008-02-06,17:00:46,116.32291,39.8998,7.897444621453991
2,2008-02-06,17:02:01,116.32279,39.90512,8.849001293506218
2,2008-02-06,17:05:48,116.34631,39.90541,8.054000388731625
2,2008-02-06,17:07:02,116.35021,39.90097,6.721278625028799
2,2008-02-06,17:10:49,116.35724,39.88837,0.1632685865003411
2,2008-02-06,17:12:04,116.35724,39.88826,0.6222772096656132
2,2008-02-06,17:15:51,116.35885,39.88797,5.680134008235507
2,2008-02-06,17:17:06,116.35387,39.88818,2.7290634857274276
2,2008-02-06,17:20:53,116.36111,39.88785,5.944462263246532
2,2008-02-06,17:22:07,116.36626,39.88785,0.8039875631897258
2,2008-02-06,17:25:54,116.36816,39.8886,6.8235869661492785
2,2008-02-06,17:30:56,116.39225,39.88759,3.727232718437533
2,2008-02-06,17:32:11,116.39235,39.88508,4.818359294590973
2,2008-02-06,17:35:58,116.39469,39.87542,3.6890439223976266
2,2008-02-06,17:37:12,116.39512,39.87785,5.787447866424364
2,2008-02-06,17:40:59,116.40135,39.88864,85.50155893509086
2,2008-02-06,17:42:14,116.35325,39.84442,0.0
2,2008-02-06,17:42:14,116.35325,39.84442,35.16110288810014
2,2008-02-06,17:46:01,116.42303,39.89209,15.137889696503343
2,2008-02-06,17:47:16,116.43632,39.8923,7.459517410740795
2,2008-02-06,17:51:03,116.44993,39.88124,3.364306447955326
2,2008-02-06,17:56:04,116.44902,39.87217,3.975570388649313
2,2008-02-06,18:01:06,116.44827,39.8614,17.91333554443218
2,2008-02-06,18:02:21,116.43333,39.85764,10.011786455277628
2,2008-02-06,18:06:07,116.40772,39.85248,3.5159547044133106
2,2008-02-06,18:07:22,116.41061,39.85165,3.388721727458275
2,2008-02-06,18:11:09,116.41754,39.85606,8.478663881293452
2,2008-02-06,18:12:24,116.42478,39.85738,0.0
2,2008-02-06,18:12:24,116.42478,39.85738,3.491034537903739
2,2008-02-06,18:16:11,116.42324,39.8644,7.971434129439647
2,2008-02-06,18:17:25,116.42516,39.86949,9.688695033594493
2,2008-02-06,18:21:12,116.44987,39.87503,4.200517229545579
2,2008-02-06,18:22:27,116.44985,39.87786,3.675359246933817
2,2008-02-06,18:26:14,116.45518,39.87158,13.35892651180349
2,2008-02-06,18:27:29,116.45529,39.88058,2.655500559020438
2,2008-02-06,18:31:16,116.46148,39.88318,6.83377663835606
2,2008-02-06,18:32:30,116.45556,39.8832,5.482987668025435
2,2008-02-06,18:36:17,116.44099,39.8833,11.6867063269898
2,2008-02-06,18:37:32,116.43826,39.89089,10.231128481405518
2,2008-02-06,18:41:19,116.42114,39.9071,10.224914549310036
2,2008-02-06,18:42:34,116.41216,39.90702,1.3450693312540165
2,2008-02-06,18:46:21,116.40999,39.9092,0.0
2,2008-02-06,18:46:21,116.40999,39.9092,1.9976501242384588
2,2008-02-06,18:47:35,116.41166,39.90955,6.66042855743548
2,2008-02-06,18:51:22,116.4143,39.92298,13.932868346241142
2,2008-02-06,18:52:37,116.42654,39.92303,10.952994449296742
2,2008-02-06,18:56:24,116.42792,39.94534,5.0933415763873775
2,2008-02-06,18:57:39,116.42559,39.94827,6.25770885751757
2,2008-02-06,19:01:26,116.43791,39.93969,6.168250409043223
2,2008-02-06,19:02:40,116.43753,39.9356,4.472401724634794
2,2008-02-06,19:06:27,116.43755,39.92648,10.87666829649633
2,2008-02-06,19:07:42,116.4319,39.93239,5.965459459084282
2,2008-02-06,19:11:29,116.41918,39.93966,9.594606028986915
2,2008-02-06,19:12:44,116.41075,39.93956,4.3130159133312596
2,2008-02-06,19:16:31,116.39928,39.93945,4.867538240191695
2,2008-02-06,19:17:45,116.4035,39.93942,6.2998551526689885
2,2008-02-06,19:21:32,116.40193,39.95221,8.446542223541192
2,2008-02-06,19:22:47,116.40181,39.9579,7.715087870228172
2,2008-02-06,19:26:34,116.40145,39.97363,10.731801647913509
2,2008-02-06,19:27:49,116.40135,39.98086,7.655500699112657
2,2008-02-06,19:31:36,116.41107,39.99458,2.919759716182448
2,2008-02-06,19:32:50,116.41359,39.99438,3.630531867298762
2,2008-02-06,19:36:37,116.41781,39.98772,13.339817307883116
2,2008-02-06,19:37:52,116.42954,39.98766,9.655072931688773
2,2008-02-06,19:41:39,116.42879,39.96798,11.765578314167191
2,2008-02-06,19:42:54,116.43725,39.96342,16.766445135133875
2,2008-02-06,19:46:41,116.45543,39.9322,14.742423780345545
2,2008-02-06,19:47:55,116.45548,39.9224,3.541115072442172
2,2008-02-06,19:51:42,116.46121,39.92813,2.0343709212636094
2,2008-02-06,19:57:59,116.47005,39.9269,0.0829385171238967
2,2008-02-06,20:01:27,116.47016,39.92677,0.09233035707831228
2,2008-02-06,23:39:04,116.45607,39.9275,8.340082461815483
2,2008-02-06,23:39:17,116.45579,39.92845,13.85618504827774
2,2008-02-06,23:44:06,116.45524,39.89248,19.109978468750032
2,2008-02-06,23:44:18,116.45523,39.89042,15.697645933419768
2,2008-02-06,23:49:08,116.46261,39.84992,22.744632595234236
2,2008-02-06,23:49:20,116.46466,39.84804,9.545154557386505
2,2008-02-06,23:54:09,116.47442,39.82442,15.776716834863523
2,2008-02-06,23:54:22,116.4759,39.82297,8.0658591809796
2,2008-02-06,23:59:11,116.49205,39.8061,15.356934309178193
2,2008-02-06,23:59:23,116.4932,39.8047,9.53499941053029
2,2008-02-07,00:04:13,116.51676,39.78769,16.106781303056263
2,2008-02-07,00:04:25,116.51792,39.7862,10.353882711259294
2,2008-02-07,00:09:14,116.53661,39.76348,0.0
2,2008-02-07,00:09:27,116.53661,39.76348,2.7405491265133244
2,2008-02-07,00:14:16,116.54184,39.75761,0.0
2,2008-02-07,00:14:28,116.54184,39.75761,1.4508499344919206
2,2008-02-07,00:19:18,116.53933,39.76086,10.92977546621817
2,2008-02-07,00:19:30,116.53846,39.76183,5.410412670162236
2,2008-02-07,00:24:19,116.53994,39.77583,12.315802517721815
2,2008-02-07,00:24:32,116.54113,39.77472,11.230826575429747
2,2008-02-07,00:29:21,116.5626,39.79876,8.386725008854897
2,2008-02-07,00:29:33,116.56228,39.79963,0.0
2,2008-02-07,00:29:33,116.56228,39.79963,4.108408568061433
2,2008-02-07,00:34:23,116.55472,39.80862,0.0
2,2008-02-07,00:34:23,116.55472,39.80862,16.673575217026556
2,2008-02-07,00:34:35,116.55284,39.80969,10.699788645988699
2,2008-02-07,00:39:24,116.52015,39.82157,14.90923359261882
2,2008-02-07,00:39:37,116.51795,39.82115,13.648066623502949
2,2008-02-07,00:44:26,116.4822,39.84355,13.537100534506237
2,2008-02-07,00:44:38,116.48103,39.8447,9.985050946154395
2,2008-02-07,00:49:28,116.46615,39.86807,9.651891895176103
2,2008-02-07,00:49:40,116.46619,39.86911,5.002419191840259
2,2008-02-07,00:54:29,116.45901,39.88087,0.3975134453723781
2,2008-02-07,00:58:31,116.45789,39.88096,0.0
2,2008-02-07,00:58:31,116.45789,39.88096,0.001529993072522987
2,2008-02-07,08:17:23,116.45801,39.88061,1.4318781206333189
2,2008-02-07,08:20:09,116.46079,39.88052,4.84307992907669
2,2008-02-07,08:22:24,116.4554,39.88469,18.731718971113413
2,2008-02-07,08:25:11,116.45572,39.91279,21.06827853292572
2,2008-02-07,08:27:26,116.45566,39.93834,19.59859459591765
2,2008-02-07,08:30:13,116.43689,39.96398,13.686524721347912
2,2008-02-07,08:32:28,116.43316,39.98033,4.154036029883767
2,2008-02-07,08:35:14,116.43115,39.98633,0.6429624664999083
2,2008-02-07,08:37:28,116.43027,39.98671,4.651609227442081
2,2008-02-07,08:40:15,116.42341,39.98212,0.0
2,2008-02-07,08:40:15,116.42341,39.98212,5.667583997445213
2,2008-02-07,08:42:30,116.41444,39.98213,0.0
2,2008-02-07,08:42:30,116.41444,39.98213,5.511303202784958
2,2008-02-07,08:45:17,116.40366,39.98177,7.50837353226047
2,2008-02-07,08:47:32,116.39782,39.97384,1.6834775226691943
2,2008-02-07,08:50:18,116.40109,39.97399,5.4887347231731045
2,2008-02-07,08:52:33,116.39594,39.96863,3.4012694939108465
2,2008-02-07,08:55:20,116.39573,39.97373,6.260589781604383
2,2008-02-07,08:57:35,116.40124,39.98004,15.675523997264978
2,2008-02-07,09:00:21,116.43004,39.98775,20.862645677445155
2,2008-02-07,09:02:37,116.45768,39.97357,16.867309430306747
2,2008-02-07,09:05:23,116.48401,39.98859,25.915619126026545
2,2008-02-07,09:07:38,116.51053,40.01257,26.838194129924798
2,2008-02-07,09:10:25,116.55748,40.03069,20.43110833704857
2,2008-02-07,09:12:40,116.58061,40.04802,21.069692678780147
2,2008-02-07,09:15:26,116.58266,40.0794,14.459432019323067
2,2008-02-07,09:22:43,116.55059,40.02822,28.825664573160577
2,2008-02-07,09:25:30,116.50249,40.00557,10.662253832308958
2,2008-02-07,09:27:45,116.49157,39.99571,3.356335722224098
2,2008-02-07,09:30:31,116.48738,39.99187,9.284496378420949
2,2008-02-07,09:32:46,116.4835,39.98101,4.995972166330822
2,2008-02-07,09:35:33,116.47841,39.97461,0.0
2,2008-02-07,09:35:33,116.47841,39.97461,9.47685559377236
2,2008-02-07,09:37:48,116.49339,39.97406,5.8823178552341
2,2008-02-07,09:40:35,116.48366,39.97878,5.477990666863141
2,2008-02-07,09:42:50,116.47689,39.98293,6.002226750936255
2,2008-02-07,09:45:36,116.46814,39.98886,6.7743426175116115
2,2008-02-07,09:47:51,116.46199,39.99559,5.251166011106667
2,2008-02-07,09:50:38,116.45773,40.00276,3.211534165932134
2,2008-02-07,09:52:53,116.46148,40.00013,11.545901287695449
2,2008-02-07,09:55:40,116.46539,39.98307,9.596966029332663
2,2008-02-07,09:57:55,116.47696,39.97553,10.991425838235317
2,2008-02-07,10:00:41,116.48872,39.96184,0.9177434654903014
2,2008-02-07,10:02:56,116.48811,39.96083,6.118313978891281
2,2008-02-07,10:05:43,116.47838,39.95548,9.065396151301412
2,2008-02-07,10:07:58,116.46526,39.95104,6.412969710108828
2,2008-02-07,10:10:45,116.45887,39.94276,0.0
2,2008-02-07,10:13:00,116.45887,39.94276,1.2302688295840227
2,2008-02-07,10:15:46,116.45649,39.94257,5.998429444885204
2,2008-02-07,10:18:01,116.45094,39.93667,7.984100283769473
2,2008-02-07,10:20:48,116.44482,39.92565,7.467043666334595
2,2008-02-07,10:23:03,116.44413,39.91661,6.982632346184313
2,2008-02-07,10:25:50,116.43777,39.90734,0.0
2,2008-02-07,10:28:05,116.43777,39.90734,0.33539834740472996
2,2008-02-07,10:30:51,116.43808,39.9069,0.0
2,2008-02-07,10:30:51,116.43808,39.9069,11.127040694442663
2,2008-02-07,10:33:06,116.45514,39.90361,13.718431413242715
2,2008-02-07,10:35:53,116.45502,39.88303,4.871041926135746
2,2008-02-07,10:38:08,116.46177,39.88019,5.1095356090492015
2,2008-02-07,10:40:55,116.46882,39.87476,4.779339784203865
2,2008-02-07,10:43:10,116.47153,39.86935,4.535635078753141
2,2008-02-07,10:48:11,116.45558,39.87009,0.0
2,2008-02-07,10:48:11,116.45558,39.87009,10.07427942706353
2,2008-02-07,10:50:58,116.44331,39.85827,20.0380336257947
2,2008-02-07,10:53:13,116.41181,39.85586,10.41791721441735
2,2008-02-07,10:56:00,116.39455,39.86415,4.49415210487826
2,2008-02-07,10:58:15,116.38745,39.86408,5.288999169333264
2,2008-02-07,11:01:01,116.38163,39.87058,9.190138445738446
2,2008-02-07,11:03:16,116.38119,39.88172,3.900732114478967
2,2008-02-07,11:06:03,116.37855,39.88721,6.06894237976158
2,2008-02-07,11:08:18,116.36903,39.88811,6.609161992270297
2,2008-02-07,11:11:05,116.36832,39.89801,3.6063893086246694
2,2008-02-07,11:13:20,116.36809,39.90238,3.104648850471955
2,2008-02-07,11:18:21,116.37616,39.90805,6.078012610573596
2,2008-02-07,11:21:08,116.38305,39.90062,4.359099307459769
2,2008-02-07,11:23:23,116.38946,39.89868,5.421718366838033
2,2008-02-07,11:28:25,116.38703,39.88409,2.1796905321698157
2,2008-02-07,11:31:11,116.3839,39.8819,1.7171832672360807
2,2008-02-07,11:33:26,116.38119,39.88201,8.765912802103587
2,2008-02-07,11:36:13,116.3659,39.88795,7.947630702285143
2,2008-02-07,11:38:28,116.35334,39.88809,6.4452547092481005
2,2008-02-07,11:41:14,116.34265,39.8931,0.0
2,2008-02-07,11:41:14,116.34265,39.8931,4.778479599745284
2,2008-02-07,11:43:30,116.33656,39.8966,2.992469982024234
2,2008-02-07,11:46:16,116.33637,39.90106,4.321524859859526
2,2008-02-07,11:48:31,116.32984,39.9026,4.180562933277941
2,2008-02-07,11:51:18,116.32902,39.90884,8.722378049494257
2,2008-02-07,11:53:33,116.31565,39.90625,10.113473564575658
2,2008-02-07,11:56:19,116.29599,39.90632,6.116105551850721
2,2008-02-07,11:58:34,116.28892,39.91138,3.1662913164260407
2,2008-02-07,12:01:21,116.28772,39.91604,5.729908022508337
2,2008-02-07,12:06:23,116.30604,39.92269,10.509558119499092
2,2008-02-07,12:08:38,116.32263,39.92194,8.583663691517387
2,2008-02-07,12:11:24,116.33932,39.92189,7.559958865959599
2,2008-02-07,12:13:39,116.34998,39.92604,15.378190509137944
2,2008-02-07,12:16:26,116.34987,39.94911,14.212742378652102
2,2008-02-07,12:18:41,116.35289,39.96619,6.703945098819719
2,2008-02-07,12:23:43,116.36347,39.98247,3.6912072669618077
2,2008-02-07,12:26:29,116.36919,39.9858,14.88647073012358
2,2008-02-07,12:28:44,116.37432,39.96818,7.654330146244772
2,2008-02-07,12:36:32,116.37329,39.93601,4.346364339580342
2,2008-02-07,12:38:47,116.37579,39.9311,1.3956142260913542
2,2008-02-07,12:41:33,116.3757,39.92902,4.829615988385968
2,2008-02-07,12:43:48,116.38238,39.93186,5.160008481602596
2,2008-02-07,12:46:35,116.39031,39.92707,5.256721753252191
2,2008-02-07,12:53:52,116.39704,39.90709,0.0
2,2008-02-07,12:53:52,116.39704,39.90709,7.4011335399705
2,2008-02-07,12:56:38,116.41142,39.90673,14.41829433880342
2,2008-02-07,12:58:53,116.43421,39.90708,14.070529142008958
2,2008-02-07,13:03:55,116.48394,39.90847,21.357359516297777
2,2008-02-07,13:06:42,116.48389,39.94051,9.278312821667143
2,2008-02-07,13:08:57,116.48361,39.95176,17.96724753285311
2,2008-02-07,13:11:43,116.47097,39.97674,24.561982304801905
2,2008-02-07,13:13:58,116.49605,39.9995,25.86376840611124
2,2008-02-07,13:16:45,116.53613,40.02323,25.294256818296446
2,2008-02-07,13:19:00,116.57086,40.03852,14.265213115007125
2,2008-02-07,13:21:47,116.58412,40.05736,16.2601482507246
2,2008-02-07,13:24:02,116.5867,40.07698,2.6707017730914213
2,2008-02-07,13:26:48,116.58223,40.07494,22.360127808178976
2,2008-02-07,13:29:03,116.57994,40.04788,11.820754600825246
2,2008-02-07,13:34:05,116.54773,40.02738,25.91710790607996
2,2008-02-07,13:36:52,116.50432,40.00722,22.98214693772184
2,2008-02-07,13:39:07,116.48081,39.98595,22.922224698726303
2,2008-02-07,13:41:53,116.45187,39.95994,4.424469277993856
2,2008-02-07,13:44:08,116.45025,39.95472,1.5254504561834454
2,2008-02-07,13:46:55,116.4528,39.95353,0.0
2,2008-02-07,13:46:55,116.4528,39.95353,8.655370318630629
2,2008-02-07,13:49:10,116.44211,39.96009,4.122548616922436
2,2008-02-07,13:51:57,116.44834,39.95616,7.757268525378912
2,2008-02-07,13:54:12,116.45522,39.94837,10.360764938887025
2,2008-02-07,13:56:58,116.45524,39.93292,0.5938386145788134
2,2008-02-07,13:59:13,116.45522,39.9322,7.6925466354871554
2,2008-02-07,14:02:00,116.45512,39.92066,3.269560283373899
2,2008-02-07,14:07:02,116.45509,39.91179,10.69940570766095
2,2008-02-07,14:12:03,116.45034,39.88309,5.641821652247504
2,2008-02-07,14:17:05,116.43433,39.89222,9.510901462544874
2,2008-02-07,14:19:20,116.44936,39.89199,6.895718501953453
2,2008-02-07,14:22:07,116.45582,39.88291,1.970470998604829
2,2008-02-07,14:24:22,116.45762,39.88096,0.06763163014435442
2,2008-02-07,14:28:09,116.45768,39.88083,0.05327452031509748
2,2008-02-07,16:08:47,116.45535,39.87856,4.347247565719845
2,2008-02-07,16:13:49,116.44126,39.88327,6.3456950571097215
2,2008-02-07,16:15:04,116.43892,39.88715,10.829029085820247
2,2008-02-07,16:18:51,116.42959,39.90804,15.60986117980884
2,2008-02-07,16:20:05,116.42862,39.91839,3.904370340327632
2,2008-02-07,16:23:52,116.43316,39.92555,5.345567566886043
2,2008-02-07,16:25:07,116.42987,39.92298,7.603166047107372
2,2008-02-07,16:28:54,116.4294,39.90748,12.055449148328774
2,2008-02-07,16:30:09,116.42717,39.89954,2.8417509274410313
2,2008-02-07,16:33:56,116.4212,39.89599,9.42005958066126
2,2008-02-07,16:35:10,116.41523,39.89172,2.9121317508199835
2,2008-02-07,16:38:57,116.41273,39.8861,6.853624440577672
2,2008-02-07,16:40:12,116.40682,39.88697,6.7671048115450105
2,2008-02-07,16:43:59,116.38995,39.88219,1.058324031429966
2,2008-02-07,16:45:14,116.38909,39.88192,5.15734222317661
2,2008-02-07,16:49:00,116.40121,39.88673,5.582544772709495
2,2008-02-07,16:50:15,116.40611,39.88683,2.298856480961497
2,2008-02-07,16:54:02,116.40524,39.89147,11.669186794560803
2,2008-02-07,16:55:17,116.39504,39.89072,4.013088994524489
2,2008-02-07,16:59:04,116.39565,39.89889,10.913170542921302
2,2008-02-07,17:00:19,116.40521,39.89941,0.0
2,2008-02-07,17:00:19,116.40521,39.89941,4.534210856578094
2,2008-02-07,17:04:05,116.41257,39.89214,2.850283103644079
2,2008-02-07,17:05:20,116.415,39.89168,6.628921271321043
2,2008-02-07,17:09:07,116.42776,39.88236,4.0979552878132415
2,2008-02-07,17:10:22,116.42808,39.87961,5.08114467508296
2,2008-02-07,17:14:09,116.41516,39.88262,3.8726340206090497
2,2008-02-07,17:15:23,116.41454,39.88009,11.921065357525327
2,2008-02-07,17:19:10,116.40984,39.85605,17.958202870408794
2,2008-02-07,17:20:25,116.39408,39.85591,5.144604265701883
2,2008-02-07,17:24:12,116.38054,39.85449,6.263669961769593
2,2008-02-07,17:25:27,116.38051,39.85027,0.3506497068534046
2,2008-02-07,17:29:14,116.3807,39.85097,0.0
2,2008-02-07,17:29:14,116.3807,39.85097,5.927190737585527
2,2008-02-07,17:30:28,116.38066,39.85491,4.64192571295975
2,2008-02-07,17:34:15,116.38173,39.86434,7.684200338617208
2,2008-02-07,17:35:30,116.38343,39.86935,12.177480800285219
2,2008-02-07,17:39:17,116.41578,39.86896,13.673992171936012
2,2008-02-07,17:40:32,116.41477,39.87814,5.947077282706629
2,2008-02-07,17:44:19,116.4124,39.89013,6.2487511584283855
2,2008-02-07,17:45:33,116.41309,39.88601,3.7145731141504115
2,2008-02-07,17:49:20,116.42294,39.88551,3.7125902626088845
2,2008-02-07,17:50:35,116.42467,39.88763,3.3433181394230385
2,2008-02-07,17:54:22,116.42137,39.89396,9.973520906771153
2,2008-02-07,17:55:37,116.4266,39.89935,9.859170379750541
2,2008-02-07,17:59:24,116.42853,39.9194,17.417809534876852
2,2008-02-07,18:00:38,116.42795,39.93097,12.177508979309032
2,2008-02-07,18:04:25,116.40433,39.94796,3.557934134492039
2,2008-02-07,18:05:40,116.40199,39.94955,0.9464907328597586
2,2008-02-07,18:09:27,116.40197,39.95148,8.806256001819776
2,2008-02-07,18:10:42,116.40172,39.95741,4.634786530475437
2,2008-02-07,18:14:29,116.39087,39.9619,0.3831626111062328
2,2008-02-07,18:15:43,116.39054,39.96187,5.448952059539508
2,2008-02-07,18:19:30,116.3776,39.96688,20.05403483476637
2,2008-02-07,18:20:45,116.35998,39.96645,19.958103589515222
2,2008-02-07,18:24:32,116.30708,39.96292,11.477578481573635
2,2008-02-07,18:25:47,116.30062,39.96886,16.010573046703993
2,2008-02-07,18:29:34,116.28485,39.99919,16.79649709448532
2,2008-02-07,18:30:48,116.28169,40.01009,9.690418705427197
2,2008-02-07,18:34:35,116.27001,40.02771,5.724997322411847
2,2008-02-07,18:35:50,116.26846,40.03138,4.69021864996456
2,2008-02-07,18:39:37,116.28094,40.03178,5.3378245571865754
2,2008-02-07,18:40:52,116.28547,40.03273,6.146352765517876
2,2008-02-07,18:44:39,116.30176,40.0315,15.472739055736586
2,2008-02-07,18:45:53,116.30774,40.02229,10.441061138480213
2,2008-02-07,18:49:39,116.30886,40.00111,3.4592412520061453
2,2008-02-07,18:50:54,116.30893,39.99878,8.572860275424134
2,2008-02-07,18:54:41,116.3297,39.99154,5.5059470549882565
2,2008-02-07,18:55:56,116.33432,39.99043,14.960487029598983
2,2008-02-07,18:59:43,116.37376,39.98624,20.795021110769003
2,2008-02-07,19:00:57,116.39179,39.98674,19.814087516746504
2,2008-02-07,19:04:44,116.4442,39.98228,10.019454050098517
2,2008-02-07,19:05:59,116.45286,39.98352,0.0
2,2008-02-07,19:05:59,116.45286,39.98352,7.036118257700465
2,2008-02-07,19:09:46,116.46655,39.99331,4.086637208595776
2,2008-02-07,19:11:01,116.46902,39.99531,1.162961260985733
2,2008-02-07,19:14:48,116.4667,39.99374,4.807866279996463
2,2008-02-07,19:16:02,116.46396,39.99133,8.412359372674382
2,2008-02-07,19:19:49,116.46446,39.97418,9.961250242580654
2,2008-02-07,19:21:04,116.45926,39.96878,6.131843875546205
2,2008-02-07,19:24:51,116.44353,39.9721,1.3843398823871231
2,2008-02-07,19:26:06,116.44333,39.97118,4.293887209072183
2,2008-02-07,19:29:53,116.44847,39.979,0.0
2,2008-02-07,19:31:07,116.44847,39.979,7.870725393242641
2,2008-02-07,19:34:54,116.43118,39.98806,0.0
2,2008-02-07,19:34:54,116.43118,39.98806,14.25202424233229
2,2008-02-07,19:36:09,116.41865,39.98787,2.725714388960465
2,2008-02-07,19:39:56,116.41792,39.9934,8.21080036331305
2,2008-02-07,19:41:11,116.41773,39.98787,4.625529355383955
2,2008-02-07,19:44:57,116.42748,39.98218,8.788818404562715
2,2008-02-07,19:55:44,116.36392,39.96679,4.54867091675617
2,2008-02-07,20:13:23,116.39019,39.92849,7.362000076043273
2,2008-02-07,20:17:51,116.40048,39.91262,15.716194469584533
2,2008-02-07,20:18:25,116.40053,39.90782,0.0
2,2008-02-07,20:18:25,116.40053,39.90782,10.766027482243791
2,2008-02-07,20:22:52,116.43418,39.9071,3.5914696002727795
2,2008-02-07,20:23:26,116.43561,39.9071,6.2712557202628805
2,2008-02-07,20:27:54,116.45481,39.90378,1.1133913570098506
2,2008-02-07,20:28:28,116.45496,39.90346,6.141506922288203
2,2008-02-07,20:32:56,116.44959,39.88926,0.0
2,2008-02-07,20:32:56,116.44959,39.88926,9.074262073785496
2,2008-02-07,20:33:29,116.4496,39.88657,2.113933975760898
2,2008-02-07,20:37:57,116.45,39.88149,10.544077513729146
2,2008-02-07,20:38:31,116.44993,39.87827,9.48473515339764
2,2008-02-07,20:42:59,116.43464,39.89786,13.970315625734045
2,2008-02-07,20:43:33,116.43024,39.90047,18.569532225926807
2,2008-02-07,20:48:01,116.4276,39.94513,14.181217004732051
2,2008-02-07,20:48:34,116.42417,39.94841,18.276545406432486
2,2008-02-07,20:53:02,116.36679,39.94741,18.434520134255038
2,2008-02-07,20:53:36,116.35991,39.94544,6.982626026480859
2,2008-02-07,20:58:04,116.33925,39.93981,6.287079060540139
2,2008-02-07,20:58:38,116.33929,39.93789,2.767801553467457
2,2008-02-07,21:03:06,116.34789,39.93885,10.818289566009097
2,2008-02-07,21:03:39,116.35206,39.9391,2.3666175474229147
2,2008-02-07,21:08:07,116.35762,39.93532,0.0
2,2008-02-07,21:08:41,116.35762,39.93532,5.245483368893952
2,2008-02-07,21:13:09,116.37333,39.93153,0.0
2,2008-02-07,21:13:43,116.37333,39.93153,7.055388032222036
2,2008-02-07,21:18:11,116.39328,39.92415,7.1829960434788225
2,2008-02-07,21:18:44,116.39354,39.92203,4.86019910996089
2,2008-02-07,21:23:12,116.40477,39.91411,8.126334640631415
2,2008-02-07,21:23:46,116.4049,39.91659,6.771667354184926
2,2008-02-07,21:28:14,116.41081,39.93225,8.414593671845537
2,2008-02-07,21:28:48,116.41083,39.93482,6.05922991223541
2,2008-02-07,21:33:19,116.42913,39.93937,12.245824053505995
2,2008-02-07,21:33:49,116.43341,39.93972,6.32824169192942
2,2008-02-07,21:38:17,116.43986,39.92531,7.464060489573187
2,2008-02-07,21:43:43,116.45466,39.90663,10.652640277722472
2,2008-02-07,21:43:53,116.45451,39.90568,12.320415768449598
2,2008-02-07,21:48:21,116.45486,39.87602,20.512534070553308
2,2008-02-07,21:48:54,116.45473,39.86994,1.2052218475535812
2,2008-02-07,21:53:22,116.45562,39.86712,0.04127326894814175
2,2008-02-07,21:53:56,116.45561,39.86713,0.005236160703015448
2,2008-02-07,21:58:24,116.4556,39.86714,0.0
2,2008-02-07,21:58:58,116.4556,39.86714,0.0
2,2008-02-07,22:03:26,116.4556,39.86714,0.0
2,2008-02-07,22:03:59,116.4556,39.86714,5.222212838969172
2,2008-02-07,22:08:27,116.45528,39.87971,3.5728328627480117
2,2008-02-07,22:10:01,116.45892,39.88085,0.5395094043698033
2,2008-02-07,22:13:29,116.45767,39.88116,0.0
2,2008-02-07,22:13:33,116.45767,39.88116,0.0003555065537485955
2,2008-02-08,08:05:36,116.45776,39.88125,4.241819483166628
2,2008-02-08,08:08:34,116.46076,39.87487,7.480873134667498
2,2008-02-08,08:10:37,116.45479,39.88175,2.6029683489198496
2,2008-02-08,08:13:36,116.45002,39.88378,1.1312956381371966
2,2008-02-08,08:15:39,116.45002,39.88503,5.650214354334879
2,2008-02-08,08:18:38,116.43876,39.88784,0.0
2,2008-02-08,08:18:38,116.43876,39.88784,11.734664558551785
2,2008-02-08,08:20:41,116.43196,39.89971,6.569106806265326
2,2008-02-08,08:23:39,116.41917,39.90346,7.124571954250896
2,2008-02-08,08:25:42,116.42943,39.90361,5.168202498216777
2,2008-02-08,08:28:41,116.42463,39.89616,3.990532420295974
2,2008-02-08,08:30:44,116.4219,39.89228,5.703988350920727
2,2008-02-08,08:33:43,116.43371,39.89086,11.088592408732088
2,2008-02-08,08:35:46,116.44955,39.88931,3.2395547115733674
2,2008-02-08,08:38:44,116.45523,39.89211,11.43131530541745
2,2008-02-08,08:40:47,116.45591,39.90473,5.931863256510042
2,2008-02-08,08:45:49,116.47133,39.89382,7.467959872092729
2,2008-02-08,08:48:48,116.45582,39.89221,3.395437027487289
2,2008-02-08,08:50:51,116.45204,39.89459,6.676742472633682
2,2008-02-08,08:53:49,116.43816,39.89535,14.926056680565578
2,2008-02-08,08:55:52,116.42931,39.91038,19.862665888026683
2,2008-02-08,08:58:51,116.42754,39.94229,15.517519118767385
2,2008-02-08,09:00:54,116.44475,39.95324,23.329169286288785
2,2008-02-08,09:03:53,116.4765,39.98179,24.892677671796374
2,2008-02-08,09:05:56,116.4997,40.00278,25.62360733016134
2,2008-02-08,09:08:54,116.54383,40.02594,26.896464929121272
2,2008-02-08,09:10:57,116.57523,40.04341,18.092476503164434
2,2008-02-08,09:13:56,116.58198,40.07204,7.253593948077232
2,2008-02-08,09:15:59,116.5865,40.07927,8.254569199622734
2,2008-02-08,09:18:58,116.58247,40.06636,18.76065974818104
2,2008-02-08,09:21:01,116.57781,40.04594,22.574494535438696
2,2008-02-08,09:23:59,116.5397,40.02469,24.29162001070924
2,2008-02-08,09:26:02,116.50914,40.01155,20.56802016386896
2,2008-02-08,09:29:01,116.48077,39.98662,11.243154494776745
2,2008-02-08,09:31:04,116.47733,39.97448,0.0
2,2008-02-08,09:31:04,116.47733,39.97448,12.756076949133057
2,2008-02-08,09:34:03,116.46003,39.95883,6.6355174230529945
2,2008-02-08,09:36:06,116.45378,39.95328,4.093733838000304
2,2008-02-08,09:39:04,116.45082,39.94714,8.1719131519293
2,2008-02-08,09:41:07,116.45527,39.93878,4.685576907475387
2,2008-02-08,10:03:23,116.44225,39.88344,3.176876597205507
2,2008-02-08,10:07:26,116.44463,39.87675,7.848861439927366
2,2008-02-08,10:08:25,116.4476,39.88023,11.131067177474396
2,2008-02-08,10:12:28,116.45555,39.90375,20.28755173622219
2,2008-02-08,10:13:26,116.45565,39.91432,18.3997719523403
2,2008-02-08,10:17:30,116.45546,39.95465,17.205309436046
2,2008-02-08,10:18:28,116.46305,39.96147,8.349000407685216
2,2008-02-08,10:22:31,116.48273,39.9717,1.1135672654145659
2,2008-02-08,10:23:30,116.48333,39.97133,1.2912065788667684
2,2008-02-08,10:27:33,116.4802,39.96985,6.810465490039696
2,2008-02-08,10:28:31,116.47557,39.96983,9.785992222962049
2,2008-02-08,10:32:35,116.45554,39.95485,4.088838604520583
2,2008-02-08,10:33:33,116.45372,39.95324,7.652302535862407
2,2008-02-08,10:37:36,116.44052,39.93995,5.960196122936916
2,2008-02-08,10:38:35,116.4364,39.93997,9.860998510205151
2,2008-02-08,10:42:38,116.4283,39.91936,19.669328920608585
2,2008-02-08,10:43:36,116.42929,39.90914,0.0
2,2008-02-08,10:43:36,116.42929,39.90914,3.8841078276620826
2,2008-02-08,10:47:39,116.42057,39.90393,1.5081555516641465
2,2008-02-08,10:48:38,116.42135,39.9034,0.13361991948524127
2,2008-02-08,10:52:41,116.42173,39.90341,0.01447392949752013
2,2008-02-08,10:53:40,116.42174,39.90341,3.4481908126402705
2,2008-02-08,10:57:43,116.43148,39.9025,10.217234580515631
2,2008-02-08,10:58:41,116.42958,39.90762,18.456415108999703
2,2008-02-08,11:02:44,116.4276,39.94788,19.2729965397043
2,2008-02-08,11:03:43,116.44076,39.94948,13.38311854215262
2,2008-02-08,11:07:46,116.45541,39.97645,0.0
2,2008-02-08,11:07:46,116.45541,39.97645,3.2477773463169366
2,2008-02-08,11:08:45,116.45677,39.97782,1.5667840631617167
2,2008-02-08,11:12:48,116.46123,39.97769,8.163048170861936
2,2008-02-08,11:13:46,116.46519,39.97471,8.23388737232389
2,2008-02-08,11:18:48,116.45453,39.95392,2.856998087120661
2,2008-02-08,11:22:51,116.45378,39.94771,4.378404840304846
2,2008-02-08,11:23:50,116.45083,39.94719,5.730538087783222
2,2008-02-08,11:28:51,116.4566,39.93234,5.869827480527435
2,2008-02-08,11:32:54,116.47331,39.93233,4.151715576932786
2,2008-02-08,11:33:53,116.47617,39.93215,3.599506680869245
2,2008-02-08,11:37:56,116.4668,39.92897,0.0
2,2008-02-08,11:38:54,116.4668,39.92897,4.890272402994845
2,2008-02-08,11:42:58,116.45617,39.92201,0.39742602244493763
2,2008-02-08,11:43:56,116.4559,39.92201,4.684157163798847
2,2008-02-08,11:47:59,116.45548,39.91179,8.384882998680697
2,2008-02-08,11:48:58,116.4545,39.90741,3.669480842959841
2,2008-02-08,11:53:01,116.44406,39.90758,8.30656501956265
2,2008-02-08,11:53:59,116.44964,39.90694,0.0
2,2008-02-08,11:53:59,116.44964,39.90694,10.660707136013158
2,2008-02-08,11:58:03,116.45487,39.88392,0.40412820393020926
2,2008-02-08,11:59:01,116.45485,39.88371,1.965188560265317
2,2008-02-08,12:03:04,116.44999,39.88159,1.491673781877936
2,2008-02-08,12:04:03,116.44995,39.88238,6.4367965029140715
2,2008-02-08,12:08:06,116.43854,39.89337,12.191624402305075
2,2008-02-08,12:09:04,116.43036,39.89239,5.286787280923135
2,2008-02-08,12:14:06,116.41218,39.89573,4.763423905940834
2,2008-02-08,12:18:09,116.42544,39.89358,2.650382573414749
2,2008-02-08,12:19:08,116.42637,39.89237,2.1946278911858834
2,2008-02-08,12:23:11,116.43261,39.8922,0.9883130246519265
2,2008-02-08,12:24:09,116.43328,39.89223,6.567671666745393
2,2008-02-08,12:28:13,116.44923,39.88465,2.9990816590898297
2,2008-02-08,12:29:11,116.44781,39.88353,0.22972582466171376
2,2008-02-08,12:33:14,116.44786,39.88303,6.939385845439595
2,2008-02-08,12:38:16,116.45554,39.90091,15.356960584614168
2,2008-02-08,12:39:14,116.45573,39.90891,5.563858502470833
2,2008-02-08,12:43:18,116.4635,39.91955,5.405207658069182
2,2008-02-08,12:44:16,116.46176,39.92203,6.273937152639434
2,2008-02-08,12:48:19,116.45014,39.93243,7.769229479305079
2,2008-02-08,12:49:18,116.44477,39.93244,0.0
2,2008-02-08,12:49:18,116.44477,39.93244,7.474044307391062
2,2008-02-08,12:54:19,116.42702,39.94738,3.5112935761324344
2,2008-02-08,12:58:23,116.41908,39.95209,5.182197768739268
2,2008-02-08,12:59:21,116.41906,39.95479,5.6282494401916425
2,2008-02-08,13:03:24,116.412,39.96582,0.0
2,2008-02-08,13:03:24,116.412,39.96582,2.9126715776218575
2,2008-02-08,13:04:23,116.41186,39.96736,9.019754915804377
2,2008-02-08,13:08:26,116.38617,39.96745,16.0338101599495
2,2008-02-08,13:09:24,116.37528,39.96709,7.226821703387965
2,2008-02-08,13:13:28,116.36364,39.98018,0.0
2,2008-02-08,13:13:28,116.36364,39.98018,0.9345197651514888
2,2008-02-08,13:14:26,116.36413,39.98049,0.31217812324682015
2,2008-02-08,13:18:29,116.36341,39.98089,6.510965477655936
2,2008-02-08,13:19:28,116.36351,39.97744,7.434023590810671
2,2008-02-08,13:23:31,116.34793,39.96645,16.990646663903565
2,2008-02-08,13:24:29,116.33638,39.96653,3.78060652028667
2,2008-02-08,13:52:31,116.32846,39.90973,8.992070647272596
2,2008-02-08,13:56:35,116.3505,39.8996,13.056634196003758
2,2008-02-08,13:57:32,116.34302,39.89617,14.105428539150044
2,2008-02-08,14:01:36,116.35784,39.86742,7.46156519957052
2,2008-02-08,14:02:34,116.36206,39.86527,1.9417337696088441
2,2008-02-08,14:06:38,116.36742,39.86418,0.0
2,2008-02-08,14:06:38,116.36742,39.86418,8.774274226874137
2,2008-02-08,14:07:36,116.36847,39.86868,17.47581389933575
2,2008-02-08,14:11:40,116.41835,39.86997,20.10612617014353
2,2008-02-08,14:12:37,116.43173,39.86924,7.977110128707869
2,2008-02-08,14:16:41,116.45449,39.87,6.17743201064976
2,2008-02-08,14:17:39,116.45494,39.8732,2.9543588709436173
2,2008-02-08,14:22:38,116.45764,39.88086,0.12650061390214232
2,2008-02-08,15:04:16,116.45488,39.87897,16.942528548146722
2,2008-02-08,15:05:02,116.45472,39.87197,2.9119271590932336
2,2008-02-08,15:32:15,116.42337,39.90727,4.066347971488168
2,2008-02-08,15:36:46,116.41814,39.91632,0.0826258950568933
2,2008-02-08,15:37:17,116.41811,39.91632,0.031054044661040003
2,2008-02-08,15:39:08,116.4181,39.91635,0.0029639800935454493
2,2008-02-08,15:58:13,116.41807,39.91637,2.508983806998297
2,2008-02-08,16:02:30,116.42504,39.91414,0.0
2,2008-02-08,16:02:30,116.42504,39.91414,7.204994766153675
2,2008-02-08,16:03:15,116.4285,39.91294,13.521856457615499
2,2008-02-08,16:07:32,116.43905,39.88279,1.8597264358874517
2,2008-02-08,16:08:16,116.43987,39.88317,6.26928153349229
2,2008-02-08,16:12:34,116.45516,39.8746,13.969435997841606
2,2008-02-08,16:13:18,116.45533,39.88012,4.015012198704625
2,2008-02-08,16:17:35,116.46679,39.88305,10.06614883134543
2,2008-02-08,16:18:20,116.47134,39.88514,5.863809572925222
2,2008-02-08,16:22:37,116.45627,39.89218,0.6394439556815028
2,2008-02-08,16:23:21,116.45595,39.89224,2.593902731679989
2,2008-02-08,16:27:39,116.45576,39.89825,8.583678647755839
2,2008-02-08,16:28:23,116.45506,39.8949,8.197306374628946
2,2008-02-08,16:32:40,116.46154,39.87664,4.056976997805723
2,2008-02-08,16:33:25,116.46154,39.875,4.493043072389605
2,2008-02-08,16:37:42,116.45292,39.88299,11.204188451528317
2,2008-02-08,16:38:26,116.44715,39.88308,4.573649983182359
2,2008-02-08,16:42:43,116.43883,39.87467,12.721546336409562
2,2008-02-08,16:43:28,116.43688,39.86975,9.87556158638894
2,2008-02-08,16:47:45,116.40728,39.86783,6.583532580815137
2,2008-02-08,16:48:30,116.40739,39.86517,4.030167250171972
2,2008-02-08,16:52:47,116.39535,39.86409,9.88852815902029
2,2008-02-08,16:57:49,116.36084,39.86834,19.161070555416007
2,2008-02-08,16:58:33,116.35111,39.86708,10.844331011817927
2,2008-02-08,17:02:49,116.31862,39.86682,18.724232913481977
2,2008-02-08,17:03:34,116.30878,39.86632,15.824348860264466
2,2008-02-08,17:07:51,116.26828,39.88552,16.548686315480236
2,2008-02-08,17:08:35,116.26813,39.89206,12.537533946085993
2,2008-02-08,17:12:52,116.23082,39.89635,0.621139802338515
2,2008-02-08,17:13:37,116.23054,39.89648,6.12727975183618
2,2008-02-08,17:17:54,116.21514,39.90426,0.0
2,2008-02-08,17:18:39,116.21514,39.90426,4.570534090921799
2,2008-02-08,17:22:56,116.22868,39.90612,7.782553214399005
2,2008-02-08,17:23:40,116.23269,39.90614,6.283829647008387
2,2008-02-08,17:27:57,116.24695,39.91567,9.96929689629131
2,2008-02-08,17:28:42,116.24694,39.9197,4.51308046920776
2,2008-02-08,17:32:59,116.25517,39.92799,5.149470522954998
2,2008-02-08,17:33:44,116.25788,39.92787,4.06042773126483
2,2008-02-08,17:38:01,116.2674,39.92199,4.910115883013912
2,2008-02-08,17:38:45,116.26975,39.92127,0.0
